Country,Clicks,Impressions,CTR,Position
United States,1618,248697,0.65%,10.41
India,98,12595,0.78%,8.33
United Kingdom,42,8375,0.5%,11.73
Australia,30,6037,0.5%,8.93
Canada,28,7916,0.35%,9.86
Japan,17,2199,0.77%,11.8
France,17,1494,1.14%,8.86
Germany,13,1541,0.84%,9.14
Spain,11,1113,0.99%,8.55
Philippines,10,1467,0.68%,13.28
Netherlands,9,1004,0.9%,10.29
New Zealand,9,719,1.25%,6.84
South Africa,7,1015,0.69%,8.21
Poland,7,546,1.28%,8.24
Indonesia,6,1159,0.52%,13.17
Sweden,5,435,1.15%,7.05
Hong Kong,4,395,1.01%,10.05
Belgium,4,366,1.09%,7.87
Pakistan,4,338,1.18%,11.2
China,3,1178,0.25%,7.92
Thailand,3,618,0.49%,14.02
Egypt,3,251,1.2%,8.41
Nigeria,3,183,1.64%,7.69
Brazil,2,2302,0.09%,9.6
Mexico,2,1334,0.15%,10.01
Argentina,2,579,0.35%,10.02
Ireland,2,573,0.35%,7.27
Russia,2,542,0.37%,13.53
Switzerland,2,262,0.76%,10.13
Peru,2,216,0.93%,8.44
Serbia,2,122,1.64%,7.91
Guatemala,2,49,4.08%,7.35
Vietnam,1,1160,0.09%,16.98
United Arab Emirates,1,803,0.12%,15.32
Malaysia,1,632,0.16%,12.18
Turkey,1,586,0.17%,16.12
Portugal,1,257,0.39%,8.1
Romania,1,232,0.43%,8.78
Greece,1,231,0.43%,7.93
Austria,1,203,0.49%,9.23
Costa Rica,1,199,0.5%,14.58
Czechia,1,165,0.61%,9.82
Venezuela,1,120,0.83%,8.39
Puerto Rico,1,113,0.88%,6.79
Trinidad & Tobago,1,71,1.41%,6.51
Cameroon,1,45,2.22%,12.58
Zambia,1,19,5.26%,7.05
Bermuda,1,14,7.14%,4.5
Singapore,0,1628,0%,12.29
Italy,0,717,0%,9.41
Colombia,0,597,0%,8.77
Bangladesh,0,445,0%,14.61
Ukraine,0,439,0%,11.06
Saudi Arabia,0,339,0%,13.41
Norway,0,288,0%,7.05
Morocco,0,279,0%,14.02
South Korea,0,251,0%,9.43
Iran,0,248,0%,8.28
Ecuador,0,214,0%,9.72
Denmark,0,212,0%,8.33
Chile,0,200,0%,8.88
Taiwan,0,190,0%,9.11
Israel,0,187,0%,10.14
Algeria,0,159,0%,19.39
Dominican Republic,0,157,0%,9.11
Finland,0,140,0%,8.07
Bulgaria,0,129,0%,6.67
Hungary,0,129,0%,9.56
Iraq,0,119,0%,10.72
Jordan,0,118,0%,18.97
Lithuania,0,109,0%,13.39
Croatia,0,97,0%,8.34
Kenya,0,93,0%,6.67
Belarus,0,84,0%,8.35
Slovakia,0,84,0%,11.7
Qatar,0,83,0%,7.95
Paraguay,0,81,0%,9.22
Albania,0,79,0%,6.78
Palestine,0,77,0%,9.82
Lebanon,0,74,0%,7.16
Tunisia,0,74,0%,10.32
Jamaica,0,73,0%,7.68
Cyprus,0,72,0%,7.58
Slovenia,0,68,0%,7.88
Panama,0,64,0%,7.72
Iceland,0,63,0%,6.62
Sri Lanka,0,62,0%,7.03
Nepal,0,61,0%,6.11
Kuwait,0,60,0%,6.88
Bosnia & Herzegovina,0,60,0%,7.78
Cuba,0,55,0%,8.29
Bolivia,0,53,0%,9.62
Malta,0,51,0%,6.49
Ghana,0,46,0%,4.85
Uruguay,0,46,0%,7.54
Ethiopia,0,46,0%,8.02
Honduras,0,45,0%,9.2
Georgia,0,44,0%,7.84
Kazakhstan,0,43,0%,8.07
Cambodia,0,43,0%,8.67
Bahrain,0,43,0%,9.05
Bahamas,0,40,0%,6.7
Estonia,0,40,0%,7.78
Moldova,0,37,0%,7.68
Macedonia,0,37,0%,8.14
Latvia,0,36,0%,8.47
Syria,0,36,0%,8.58
Uganda,0,35,0%,11.71
Luxembourg,0,34,0%,6.29
El Salvador,0,32,0%,7.66
Uzbekistan,0,29,0%,9.69
Kosovo,0,28,0%,9.82
Oman,0,26,0%,7.85
Mongolia,0,25,0%,12.44
Zimbabwe,0,22,0%,4.59
Nicaragua,0,22,0%,9.05
Azerbaijan,0,22,0%,9.41
Barbados,0,21,0%,6.48
Myanmar (Burma),0,20,0%,5.05
Montenegro,0,20,0%,6.75
Tanzania,0,20,0%,8.2
Curaçao,0,20,0%,8.25
Cayman Islands,0,20,0%,11.2
Aruba,0,19,0%,7.21
Armenia,0,19,0%,7.68
Mauritius,0,17,0%,3.82
Isle of Man,0,17,0%,7.53
Senegal,0,16,0%,12
Belize,0,15,0%,7.67
Guyana,0,14,0%,6.71
Laos,0,14,0%,9.36
Namibia,0,13,0%,5.69
Brunei,0,13,0%,6.46
Gibraltar,0,12,0%,3.33
Botswana,0,12,0%,14.08
Guernsey,0,11,0%,9.36
Afghanistan,0,11,0%,9.82
Maldives,0,10,0%,6.3
Jersey,0,10,0%,6.5
Papua New Guinea,0,10,0%,6.8
Libya,0,10,0%,7.4
Haiti,0,10,0%,9.8
Congo - Kinshasa,0,8,0%,6.88
Kyrgyzstan,0,8,0%,7.12
Fiji,0,7,0%,4.14
Guam,0,7,0%,4.43
Réunion,0,7,0%,6.43
Angola,0,7,0%,7
Côte d’Ivoire,0,7,0%,11.29
Rwanda,0,6,0%,6.83
Unknown Region,0,5,0%,3.4
Somalia,0,5,0%,8
Sint Maarten,0,5,0%,8.4
U.S. Virgin Islands,0,5,0%,9
Mozambique,0,5,0%,10.6
Antigua & Barbuda,0,4,0%,2.75
Malawi,0,4,0%,5
Greenland,0,4,0%,5.5
St. Lucia,0,4,0%,7.25
Burkina Faso,0,4,0%,8.25
Dominica,0,4,0%,8.5
Turks & Caicos Islands,0,4,0%,10
Andorra,0,4,0%,10.25
North Korea,0,4,0%,14
South Sudan,0,3,0%,2.33
Monaco,0,3,0%,2.67
Liberia,0,3,0%,3.67
Bhutan,0,3,0%,4.67
Martinique,0,3,0%,4.67
Togo,0,3,0%,6
British Virgin Islands,0,3,0%,7.33
Caribbean Netherlands,0,3,0%,8.33
St. Kitts & Nevis,0,3,0%,8.67
Cape Verde,0,3,0%,9.33
Yemen,0,3,0%,18.67
San Marino,0,2,0%,1.5
Swaziland,0,2,0%,2
Benin,0,2,0%,6
Faroe Islands,0,2,0%,6
Mali,0,2,0%,6.5
Guinea,0,2,0%,7
Suriname,0,2,0%,8.5
Samoa,0,2,0%,9
Macau,0,2,0%,9.5
Guadeloupe,0,2,0%,10
Tajikistan,0,2,0%,11.5
St. Vincent & Grenadines,0,2,0%,11.5
Grenada,0,1,0%,1
Vanuatu,0,1,0%,1
Lesotho,0,1,0%,2
Nauru,0,1,0%,2
French Polynesia,0,1,0%,2
Sierra Leone,0,1,0%,2
Mauritania,0,1,0%,3
Sudan,0,1,0%,3
Western Sahara,0,1,0%,4
Madagascar,0,1,0%,5
Northern Mariana Islands,0,1,0%,5
American Samoa,0,1,0%,7
Eritrea,0,1,0%,7
Comoros,0,1,0%,8
New Caledonia,0,1,0%,8
Åland Islands,0,1,0%,9
Burundi,0,1,0%,9
Niger,0,1,0%,9
Seychelles,0,1,0%,9
Christmas Island,0,1,0%,10
Chad,0,1,0%,10
Congo - Brazzaville,0,1,0%,11
Turkmenistan,0,1,0%,11
St. Pierre & Miquelon,0,1,0%,12
Solomon Islands,0,1,0%,14