Top pages,Clicks,Impressions,CTR,Position
https://impacthealthoh.com/blog/peptides-for-muscle-building/,747,217769,0.34%,8.9
https://impacthealthoh.com/?utm_source=google&utm_medium=localsearch&utm_campaign=gmb_westerville,426,25192,1.69%,3.22
https://impacthealthoh.com/,196,5620,3.49%,18.9
https://impacthealthoh.com/blog/the-5-most-common-sports-injuries-that-dont-heal-on-their-own-and-what-real-recovery-actually-looks-like/,94,4687,2.01%,4.4
https://impacthealthoh.com/peptide-therapy/,72,3561,2.02%,18.07
https://impacthealthoh.com/blog/hidden-dangers-of-amazon-supplements/,65,15201,0.43%,8.84
https://impacthealthoh.com/staff/nick-southworth-dc/,65,652,9.97%,15.94
https://impacthealthoh.com/our-team/,52,2579,2.02%,19.61
https://impacthealthoh.com/blog/innovations-in-neuropathy-treatments/,36,14608,0.25%,9.63
https://impacthealthoh.com/wound-care/,26,1283,2.03%,17.6
https://impacthealthoh.com/staff/mary-hoobler-msn-aprn-fnp-c/,21,188,11.17%,11.38
https://impacthealthoh.com/staff/justin-mahinda-md/,19,367,5.18%,6.91
https://impacthealthoh.com/blog/umbilical-cord-stem-cell-injections/,16,4847,0.33%,15.22
https://impacthealthoh.com/school-sports-physicals/,15,1646,0.91%,25.88
https://impacthealthoh.com/ha-gel-injections/,13,562,2.31%,22.41
https://impacthealthoh.com/anti-aging-wellness/,12,1667,0.72%,13.36
https://impacthealthoh.com/iv-therapy-infusion-boosters/,11,1028,1.07%,25.51
https://impacthealthoh.com/shockwave/,8,1007,0.79%,25.89
https://impacthealthoh.com/staff/eve-ciacciarelli-pt/,8,112,7.14%,13.11
https://impacthealthoh.com/regenerative-medicine/,7,2567,0.27%,14.79
https://impacthealthoh.com/laser-therapy/,7,1543,0.45%,31.76
https://impacthealthoh.com/contact-us/,6,1870,0.32%,9.68
https://impacthealthoh.com/prp-therapy/,6,486,1.23%,20.54
https://impacthealthoh.com/accepted-insurance/,5,1103,0.45%,6.13
https://impacthealthoh.com/blog/prevent-neck-pain-while-traveling/,5,631,0.79%,14.22
https://impacthealthoh.com/chiropractic-care/,4,1465,0.27%,21.99
https://impacthealthoh.com/blog/the-harmony-within-a-guide-to-achieving-mind-body-balance/,3,3354,0.09%,17.18
https://impacthealthoh.com/neuropathy-treatments/,3,1404,0.21%,29.32
https://impacthealthoh.com/chiropractic-care/spinal-decompression/,3,887,0.34%,43.8
https://impacthealthoh.com/blog/hip-pain-in-westerville-causes-by-location/,3,296,1.01%,7.61
https://impacthealthoh.com/chiropractic-care/trigger-point-injections/,3,291,1.03%,26.53
https://impacthealthoh.com/medical-infusion-therapy-guide/,3,241,1.24%,24.24
https://impacthealthoh.com/chiropractic-care/physical-therapy/,2,1641,0.12%,40.79
https://impacthealthoh.com/blog/why-your-old-sports-injury-still-hurts-the-hidden-causes-most-providers-never-address/,2,1408,0.14%,8.49
https://impacthealthoh.com/blog/strength-training-by-age/,2,1008,0.2%,11.21
https://impacthealthoh.com/blog/spring-joint-pain-needs-arthritis-treatment-support/,2,492,0.41%,7.83
https://impacthealthoh.com/reviews/,2,451,0.44%,4.62
https://impacthealthoh.com/blog/meal-planning-made-easy/,2,246,0.81%,8.66
https://impacthealthoh.com/conditions-we-treat/carpal-tunnel/,2,90,2.22%,47.52
https://impacthealthoh.com/blog/summer-arthritis-flare-ups-relief/,2,68,2.94%,15.31
https://impacthealthoh.com/wound-care-worthington-oh/,2,13,15.38%,3.92
https://impacthealthoh.com/endoplasm/m8o1u9n7t0a6i5n0e2r39,2,5,40%,15
https://impacthealthoh.com/palmiped/c5o8m6p0l0a0i6n7i9ng,2,2,100%,14.5
https://impacthealthoh.com/blog/innovations-in-neuropathy-treatments/#Understanding_Peripheral_Neuropathy,1,2247,0.04%,9.83
https://impacthealthoh.com/personal-injuries/,1,677,0.15%,30.75
https://impacthealthoh.com/chiropractic-care/pregnancy-infant-chiropractic-care/,1,615,0.16%,62.78
https://impacthealthoh.com/columns-and-rows-test/,1,587,0.17%,5.04
https://impacthealthoh.com/blog/healthy-blood-glucose-levels/,1,505,0.2%,7.07
https://impacthealthoh.com/blog/summer-activity-mistakes-worsen-sciatica-pain/,1,443,0.23%,9.6
https://impacthealthoh.com/medical-infusion-therapy/,1,393,0.25%,3.02
https://impacthealthoh.com/blog/the-basics-of-mindful-eating/,1,252,0.4%,20.27
https://impacthealthoh.com/meal-planning/,1,119,0.84%,17.75
https://impacthealthoh.com/staff/chellee-hamilton/,1,63,1.59%,13.19
https://impacthealthoh.com/blog/summer-migraine-flare-ups/,1,57,1.75%,13.32
https://impacthealthoh.com/therapies-order-forms/,1,57,1.75%,13.47
https://impacthealthoh.com/spinal-decompression-lewis-center-oh/,1,38,2.63%,50.39
https://impacthealthoh.com/wound-care-westerville-oh/,1,29,3.45%,10.69
https://impacthealthoh.com/peptide-therapy-new-albany-oh/,1,12,8.33%,21.08
https://impacthealthoh.com/wound-care-blacklick-estates-oh/,1,10,10%,5.9
https://impacthealthoh.com/wound-care-dublin-oh/,1,9,11.11%,14.56
https://impacthealthoh.com/?a=022072361005,1,3,33.33%,11
https://impacthealthoh.com/?a=08283104894302,1,3,33.33%,12.67
https://impacthealthoh.com/northbound/p9o1i5n5t2i4l8l9i0s8m8,1,3,33.33%,21.33
https://impacthealthoh.com/oxyphony/d2i2s9t0r1i0c4t916,1,2,50%,4.5
https://impacthealthoh.com/?a=1199272644804,1,1,100%,1
https://impacthealthoh.com/milleped/a9r3g0e4n7t6e1o6l2a69,1,1,100%,2
https://impacthealthoh.com/rhythmer/a6e9r6o8m0e1c2h1a6nics,1,1,100%,3
https://impacthealthoh.com/substantialize/t2r3a3v7e6s5t7i9n1g4,1,1,100%,4
https://impacthealthoh.com/?a=38762159126804,1,1,100%,11
https://impacthealthoh.com/?a=415085855001,1,1,100%,21
https://impacthealthoh.com/?a=61677119205000,1,1,100%,78
https://impacthealthoh.com/blog/peptides-for-muscle-building/#How_Do_Peptides_Work_for_Muscle_Building,0,20433,0%,9.06
https://impacthealthoh.com/blog/peptides-for-muscle-building/#What_Are_Peptides,0,20230,0%,9.06
https://impacthealthoh.com/blog/peptides-for-muscle-building/#Popular_Types_of_Peptides_for_Muscle_Building,0,20116,0%,9.08
https://impacthealthoh.com/blog/peptides-for-muscle-building/#Benefits_of_Peptides_for_Muscle_Building,0,19392,0%,9.1
https://impacthealthoh.com/blog/peptides-for-muscle-building/#Safe_Usage_Guidelines,0,13718,0%,9.51
https://impacthealthoh.com/blog/innovations-in-neuropathy-treatments/#How_Does_Laser_Therapy_Treat_Neuropathy,0,2791,0%,9.96
https://impacthealthoh.com/blog/innovations-in-neuropathy-treatments/#Innovative_Approaches_Class_IV_Laser_Treatments_and_Shockwave_Therapy,0,2734,0%,9.95
https://impacthealthoh.com/blog/innovations-in-neuropathy-treatments/#Current_Treatment_Options_for_Neuropathy,0,2244,0%,9.87
https://impacthealthoh.com/conditions-we-treat/knee-pain/,0,1193,0%,42.92
https://impacthealthoh.com/blog/hrt-myths/,0,864,0%,5.92
https://impacthealthoh.com/blog/umbilical-cord-stem-cell-injections/#Why_Umbilical_Cord_Tissue,0,643,0%,8.85
https://impacthealthoh.com/blog/umbilical-cord-stem-cell-injections/#More_Than_MSCs_Benefits_of_Umbilical_Cord_Tissue,0,639,0%,8.85
https://impacthealthoh.com/blog/umbilical-cord-stem-cell-injections/#How_Mesenchymal_Stem_Cells_Work,0,561,0%,8.91
https://impacthealthoh.com/about-us/,0,459,0%,2.98
https://impacthealthoh.com/blog/umbilical-cord-stem-cell-injections/#Ethical_Sourcing_and_Rigorous_Screening,0,405,0%,9
https://impacthealthoh.com/conditions-we-treat/,0,403,0%,10.37
https://impacthealthoh.com/blog/umbilical-cord-stem-cell-injections/#What_are_Multipotent_Stem_Cells_MSCs,0,366,0%,9.08
https://impacthealthoh.com/conditions-we-treat/chronic-pain/,0,311,0%,23.8
https://impacthealthoh.com/peptide-therapy/#Ideal_Candidates_for_Peptide_Therapy,0,304,0%,6.73
https://impacthealthoh.com/peptide-therapy/#Popular_Peptides_and_Their_Benefits,0,304,0%,6.73
https://impacthealthoh.com/peptide-therapy/#What_is_Peptide_Therapy,0,304,0%,6.73
https://impacthealthoh.com/peptide-therapy/#What_to_Expect_from_Your_Peptide_Therapy_Session,0,304,0%,6.73
https://impacthealthoh.com/faq/,0,276,0%,6.23
https://impacthealthoh.com/conditions-we-treat/neck-pain/,0,237,0%,18.39
https://impacthealthoh.com/blog/signs-knee-pain-needs-targeted-treatment/,0,226,0%,13.62
https://impacthealthoh.com/conditions-we-treat/back-pain/,0,225,0%,40.44
https://impacthealthoh.com/conditions-we-treat/hip-pain/,0,224,0%,15.41
https://impacthealthoh.com/conditions-we-treat/osteoarthritis/,0,202,0%,23.49
https://impacthealthoh.com/blog/early-arthritis-clues-summer-activity-masking/,0,190,0%,5.75
https://impacthealthoh.com/conditions-we-treat/migraines-and-headaches/,0,169,0%,19.46
https://impacthealthoh.com/neuropathy-treatments/#Neuropathy_Treatments_We_Offer,0,156,0%,3.76
https://impacthealthoh.com/neuropathy-treatments/#Understanding_Neuropathy,0,156,0%,3.76
https://impacthealthoh.com/wound-care/#At_Home_Mobile_Care,0,150,0%,5.95
https://impacthealthoh.com/wound-care/#What_is_Wound_Care,0,150,0%,5.95
https://impacthealthoh.com/wound-care/#Why_Choose_Impact_Health_Wellness_for_Wound_Care,0,150,0%,5.95
https://impacthealthoh.com/wound-care/#Diabetes_and_Wound_Care,0,144,0%,5.82
https://impacthealthoh.com/blog/wound-healing-myths-debunked-whats-really-preventing-your-wound-from-healing-and-why-waiting-can-make-it-worse/,0,142,0%,15.78
https://impacthealthoh.com/blog/peptides-for-muscle-building,0,129,0%,45.95
https://impacthealthoh.com/wp-content/uploads/2024/10/Cerezyme-Order.pdf,0,118,0%,61.04
https://impacthealthoh.com/conditions-we-treat/whiplash/,0,102,0%,48.35
https://impacthealthoh.com/conditions-we-treat/foot-ankle-pain/,0,96,0%,25.27
https://impacthealthoh.com/car-accident-injuries/,0,95,0%,48.98
https://impacthealthoh.com/blog/comparing-regenerative-medicine-and-surgery/,0,93,0%,44.24
https://impacthealthoh.com/blog/the-5-most-common-sports-injuries-that-dont-heal-on-their-own-and-what-real-recovery-actually-looks-like/#Rotator_Cuff_Injuries_That_Quiet_Down_But_Never_Fully_Recover,0,91,0%,7.3
https://impacthealthoh.com/neuropathy-treatments-dublin-oh/,0,91,0%,53.8
https://impacthealthoh.com/blog/the-5-most-common-sports-injuries-that-dont-heal-on-their-own-and-what-real-recovery-actually-looks-like/#Why_Time_Alone_Doesnt_Restore_Function,0,88,0%,7.14
https://impacthealthoh.com/blog/chronic-back-pain-chiropractor-next-step/,0,86,0%,25.67
https://impacthealthoh.com/blog/,0,84,0%,5.82
https://impacthealthoh.com/wound-care/#Ideal_Candidates_for_Wound_Care,0,84,0%,6.24
https://impacthealthoh.com/conditions-we-treat/sports-injuries/,0,83,0%,39.34
https://impacthealthoh.com/blog/the-5-most-common-sports-injuries-that-dont-heal-on-their-own-and-what-real-recovery-actually-looks-like/#Ankle_Sprains_That_Become_a_Pattern_Instead_of_a_Memory,0,82,0%,7.49
https://impacthealthoh.com/blog/understanding-the-role-of-social-connections/,0,81,0%,49.74
https://impacthealthoh.com/blog/discover-the-transformative-power-of-iv-vitamin-therapy/,0,79,0%,34.81
https://impacthealthoh.com/blog/the-5-most-common-sports-injuries-that-dont-heal-on-their-own-and-what-real-recovery-actually-looks-like/#Hamstring_Strains_That_Feel_%E2%80%9CTight%E2%80%9D_Forever,0,77,0%,7.38
https://impacthealthoh.com/blog/the-5-most-common-sports-injuries-that-dont-heal-on-their-own-and-what-real-recovery-actually-looks-like/#Lower_Back_Strains_That_Keep_Coming_Back,0,77,0%,7.38
https://impacthealthoh.com/blog/the-5-most-common-sports-injuries-that-dont-heal-on-their-own-and-what-real-recovery-actually-looks-like/#Patellar_Tendonitis_That_Lasts_Longer_Than_It_Should,0,77,0%,7.38
https://impacthealthoh.com/wp-content/uploads/2024/10/Iron-Order.pdf,0,73,0%,46.26
https://impacthealthoh.com/blog/natural-joint-pain-relief-options/,0,71,0%,42.04
https://impacthealthoh.com/blog/unveiling-the-wonders-of-laser-therapy-at-impact-health-wellness/,0,69,0%,31.28
https://impacthealthoh.com/knee-pain-columbus-oh/,0,67,0%,41.57
https://impacthealthoh.com/spinal-decompression-dublin-oh/,0,56,0%,12.88
https://impacthealthoh.com/hip-pain-westerville-oh/,0,52,0%,5.42
https://impacthealthoh.com/back-pain-worthington-oh/,0,52,0%,17
https://impacthealthoh.com/neuropathy-treatments-lewis-center-oh/,0,50,0%,89.48
https://impacthealthoh.com/blog/why-you-feel-off-but-your-lab-tests-look-normal/,0,49,0%,8.98
https://impacthealthoh.com/iv-therapy-infusion-boosters,0,46,0%,76
https://impacthealthoh.com/laser-therapy/#What_is_Class_IV_Laser_Therapy,0,43,0%,3.12
https://impacthealthoh.com/laser-therapy/#What_to_Expect_from_Your_Laser_Therapy_Session,0,43,0%,3.12
https://impacthealthoh.com/laser-therapy/#Why_We_Use_the_Summus_Horizon_for_Laser_Therapy,0,43,0%,3.12
https://impacthealthoh.com/staff/kimberly-stanley/,0,43,0%,14.02
https://impacthealthoh.com/chronic-pain-dublin-oh/,0,41,0%,17.85
https://impacthealthoh.com/ha-gel-injections/#Cost_of_HA_Gel_Injections_in_Ohio,0,37,0%,5.46
https://impacthealthoh.com/ha-gel-injections/#What_are_HA_Gel_Injections,0,37,0%,5.46
https://impacthealthoh.com/ha-gel-injections/#What_to_Expect_from_Your_HA_Gel_Injections,0,37,0%,5.46
https://impacthealthoh.com/back-pain-new-albany-oh/,0,35,0%,34.31
https://impacthealthoh.com/blog/strength-training-by-age,0,34,0%,60.15
https://impacthealthoh.com/blog/why-hormones-play-a-bigger-role-in-mental-clarity-than-most-people-realize/,0,31,0%,11.77
https://impacthealthoh.com/chiropractic-care/diagnostics/,0,30,0%,18.47
https://impacthealthoh.com/wp-content/uploads/2024/10/Oxlumo-Order.pdf,0,30,0%,53.87
https://impacthealthoh.com/?a=78687174549601,0,29,0%,10.66
https://impacthealthoh.com/anti-aging-wellness-gahanna-oh/,0,29,0%,15.59
https://impacthealthoh.com/blog/regenerative-medicine-for-faster-healing/,0,29,0%,22.14
https://impacthealthoh.com/blog/hrt-myths/#Myth_1_HRT_Causes_Cancer,0,28,0%,9.64
https://impacthealthoh.com/back-pain-dublin-oh/,0,27,0%,39.96
https://impacthealthoh.com/peptide-therapy-westerville-oh/,0,26,0%,5.69
https://impacthealthoh.com/car-accident-injuries,0,26,0%,85.12
https://impacthealthoh.com/?a=9880260787700,0,25,0%,17.28
https://impacthealthoh.com/blog/from-pain-to-progress-how-our-personal-injury-care-helps-you-heal-after-an-auto-or-work-accident/,0,25,0%,17.88
https://impacthealthoh.com/blog/hrt-myths/#Myth_6_HRT_Increases_the_Risk_of_Heart_Disease,0,24,0%,9.75
https://impacthealthoh.com/neuropathy-treatments-columbus-oh/,0,24,0%,20.12
https://impacthealthoh.com/wp-content/uploads/2024/10/Nexviazyme-Order.pdf,0,24,0%,27.62
https://impacthealthoh.com/chronic-pain-westerville-oh/,0,20,0%,33.8
https://impacthealthoh.com/wp-content/uploads/2024/10/Spevigo-Order.pdf,0,20,0%,68.5
https://impacthealthoh.com/staff/tara-allen/,0,19,0%,6.42
https://impacthealthoh.com/blog/hrt-myths/#Myth_3_HRT_is_Unnatural,0,19,0%,10
https://impacthealthoh.com/spinal-decompression-blacklick-estates-oh/,0,19,0%,59
https://impacthealthoh.com/?a=2066299934805,0,18,0%,11
https://impacthealthoh.com/wound-care-new-albany-oh/,0,18,0%,17.22
https://impacthealthoh.com/?a=262013879902,0,17,0%,5.88
https://impacthealthoh.com/back-pain-westerville-oh/,0,17,0%,21.65
https://impacthealthoh.com/knee-pain-worthington-oh/,0,17,0%,24.41
https://impacthealthoh.com/whelped/a5n2t8e7b8e1l0l4u6m,0,16,0%,10.19
https://impacthealthoh.com/neuropathy-treatments-worthington-oh/,0,16,0%,78.5
https://impacthealthoh.com/blog/hrt-myths/#Myth_2_HRT_is_Only_for_Women,0,15,0%,10.27
https://impacthealthoh.com/blog/hrt-myths/#Myth_4_HRT_Causes_Weight_Gain,0,15,0%,10.27
https://impacthealthoh.com/blog/hrt-myths/#Myth_5_HRT_Only_Alleviates_Menopausal_Symptoms,0,15,0%,10.27
https://impacthealthoh.com/neuropathy-treatments-westerville-oh/,0,15,0%,19.93
https://impacthealthoh.com/prp-therapy/#What_is_PRP_Therapy,0,14,0%,4.07
https://impacthealthoh.com/prp-therapy/#What_to_Expect_from_Your_PRP_Therapy,0,14,0%,4.07
https://impacthealthoh.com/hip-pain-columbus-oh/,0,14,0%,30.64
https://impacthealthoh.com/?a=07406171984703,0,13,0%,7.23
https://impacthealthoh.com/peptide-therapy-columbus-oh/,0,13,0%,8.77
https://impacthealthoh.com/spinal-decompression-columbus-oh/,0,13,0%,22
https://impacthealthoh.com/?a=98829159036806,0,12,0%,4.42
https://impacthealthoh.com/blog/living-with-neuropathy-is-exhausting-heres-how-shockwave-and-laser-therapies-help-calm-nerve-pain-when-nothing-else-has-worked/,0,12,0%,6.58
https://impacthealthoh.com/peptide-therapy-blacklick-estates-oh/,0,12,0%,7.5
https://impacthealthoh.com/anti-aging-wellness-dublin-oh/,0,12,0%,66.5
https://impacthealthoh.com/chiropractic-care/spinal-decompression,0,12,0%,75.08
https://impacthealthoh.com/blog/healthy-blood-glucose-levels,0,11,0%,5.45
https://impacthealthoh.com/blog/chronic-pain-neuropathy-arthritis-sciatica-treatments/,0,11,0%,7.18
https://impacthealthoh.com/blog/page/3/,0,11,0%,9.64
https://impacthealthoh.com/shockwave/#Ideal_Candidates_for_Shockwave_Therapy,0,11,0%,9.64
https://impacthealthoh.com/shockwave/#What_is_Shockwave_Therapy,0,11,0%,9.64
https://impacthealthoh.com/shockwave/#What_to_Expect_from_Your_Shockwave_Therapy,0,11,0%,9.64
https://impacthealthoh.com/shockwave/#Why_Choose_Impact_Health_Wellness,0,11,0%,9.64
https://impacthealthoh.com/princesslike/s3t3r1i4a8n441328,0,10,0%,1
https://impacthealthoh.com/anti-aging-wellness-worthington-oh/,0,10,0%,8.7
https://impacthealthoh.com/chronic-pain-worthington-oh/,0,10,0%,19.4
https://impacthealthoh.com/knee-pain-dublin-oh/,0,10,0%,22.4
https://impacthealthoh.com/knee-pain-westerville-oh/,0,10,0%,23.9
https://impacthealthoh.com/chronic-pain-dublin-oh,0,10,0%,24.6
https://impacthealthoh.com/wp-content/uploads/2024/10/Adakveo-Order.pdf,0,10,0%,44.2
https://impacthealthoh.com/blog/umbilical-cord-stem-cell-injections,0,10,0%,64
https://impacthealthoh.com/contact-us,0,10,0%,68.5
https://impacthealthoh.com/school-sports-physicals,0,10,0%,80.4
https://impacthealthoh.com/anti-aging-wellness-new-albany-oh/,0,9,0%,6.22
https://impacthealthoh.com/blog/see-chiropractor-first-chronic-neck-pain/,0,9,0%,14.44
https://impacthealthoh.com/spinal-decompression-westerville-oh/,0,9,0%,24.67
https://impacthealthoh.com/blog/innovations-in-neuropathy-treatments,0,9,0%,34.67
https://impacthealthoh.com/wound-care-reynoldsburg-oh/,0,8,0%,6.25
https://impacthealthoh.com/?a=76888172783902,0,8,0%,10.62
https://impacthealthoh.com/blog/managing-summer-sports-injuries/,0,8,0%,21.5
https://impacthealthoh.com/?a=9502988987002,0,8,0%,26.75
https://impacthealthoh.com/spinal-decompression-new-albany-oh,0,8,0%,55
https://impacthealthoh.com/anti-aging-wellness-lewis-center-oh/,0,7,0%,2
https://impacthealthoh.com/peptide-therapy-gahanna-oh/,0,7,0%,6.29
https://impacthealthoh.com/?a=61324164190200,0,7,0%,9.43
https://impacthealthoh.com/?a=4198891082402,0,7,0%,10.57
https://impacthealthoh.com/wound-care-gahanna-oh/,0,7,0%,12.29
https://impacthealthoh.com/wound-care-columbus-oh/,0,7,0%,17.43
https://impacthealthoh.com/?a=17003196862207,0,7,0%,31.71
https://impacthealthoh.com/reviews,0,7,0%,41
https://impacthealthoh.com/?a=8824273357602,0,6,0%,1.33
https://impacthealthoh.com/?a=2509025204201,0,6,0%,5.33
https://impacthealthoh.com/wound-care-lewis-center-oh/,0,6,0%,8.83
https://impacthealthoh.com/mixtly/e6n1t2o7r0g7a1n1i1s4m4,0,6,0%,9.5
https://impacthealthoh.com/?a=8212029101804,0,6,0%,11.17
https://impacthealthoh.com/back-pain-lewis-center-oh/,0,6,0%,22.33
https://impacthealthoh.com/knee-pain-gahanna-oh/,0,6,0%,23.17
https://impacthealthoh.com/druggist/t9e4x2t0u2r2i9n9g054,0,6,0%,23.33
https://impacthealthoh.com/spinal-decompression-reynoldsburg-oh/,0,6,0%,28.5
https://impacthealthoh.com/anti-aging-wellness-columbus-oh/,0,6,0%,29.5
https://impacthealthoh.com/knee-pain-reynoldsburg-oh/,0,6,0%,30.33
https://impacthealthoh.com/wp-content/uploads/2024/10/Ultomiris-Order.pdf,0,6,0%,30.33
https://impacthealthoh.com/wp-content/uploads/2024/10/Onpattro-Order.pdf,0,6,0%,34
https://impacthealthoh.com/wp-content/uploads/2024/10/Skyrizi-order.pdf,0,6,0%,61.83
https://impacthealthoh.com/chiropractic-care,0,6,0%,86.17
https://impacthealthoh.com/?a=98910128437301,0,5,0%,4.2
https://impacthealthoh.com/?a=1699757332303,0,5,0%,5
https://impacthealthoh.com/?a=2031770666801,0,5,0%,6.8
https://impacthealthoh.com/?a=7700671905901,0,5,0%,10.6
https://impacthealthoh.com/?a=4257583648002,0,5,0%,10.8
https://impacthealthoh.com/peptide-therapy-lewis-center-oh/,0,5,0%,11.8
https://impacthealthoh.com/?a=8871181069802,0,5,0%,13.4
https://impacthealthoh.com/?a=27894104851801,0,5,0%,15.4
https://impacthealthoh.com/blog/your-beginners-guide-to-iv-therapy-what-really-happens-during-treatment-and-why-it-makes-you-feel-better-fast/,0,5,0%,18.4
https://impacthealthoh.com/?a=0440042698100,0,5,0%,21.8
https://impacthealthoh.com/hip-pain-lewis-center-oh/,0,5,0%,26
https://impacthealthoh.com/?a=70804191087502,0,5,0%,38.2
https://impacthealthoh.com/?a=1822238310700,0,5,0%,44.2
https://impacthealthoh.com/blog/spring-joint-pain-needs-arthritis-treatment-support,0,5,0%,92.6
https://impacthealthoh.com/?a=1509080082500,0,4,0%,3
https://impacthealthoh.com/chronic-pain-lewis-center-oh/,0,4,0%,4
https://impacthealthoh.com/opiniaster/c9o3m5t6i5s1t98047,0,4,0%,5
https://impacthealthoh.com/personal-injuries-new-albany-oh/,0,4,0%,5
https://impacthealthoh.com/?a=20899147583002,0,4,0%,5.25
https://impacthealthoh.com/?a=79007141443801,0,4,0%,5.75
https://impacthealthoh.com/faq,0,4,0%,6.25
https://impacthealthoh.com/?a=30885160458100,0,4,0%,6.75
https://impacthealthoh.com/?a=4057236876402,0,4,0%,6.75
https://impacthealthoh.com/?a=2518994897600,0,4,0%,7
https://impacthealthoh.com/spinal-decompression-new-albany-oh/,0,4,0%,7
https://impacthealthoh.com/?a=60911193484704,0,4,0%,7.25
https://impacthealthoh.com/?a=61197356802,0,4,0%,8.75
https://impacthealthoh.com/back-pain-reynoldsburg-oh/,0,4,0%,9
https://impacthealthoh.com/?a=8597994885804,0,4,0%,11.5
https://impacthealthoh.com/?a=97434111111703,0,4,0%,14.75
https://impacthealthoh.com/could/p5o1d7a9g5r1a0r1i7a87,0,4,0%,15.25
https://impacthealthoh.com/spinal-decompression-worthington-oh/,0,4,0%,22
https://impacthealthoh.com/?a=6042045543405,0,4,0%,26.25
https://impacthealthoh.com/?a=91809184565204,0,4,0%,33.75
https://impacthealthoh.com/chronic-pain-new-albany-oh/,0,4,0%,37.25
https://impacthealthoh.com/?a=71179100579601,0,4,0%,39.75
https://impacthealthoh.com/momentariness/f7o2l7i2f0e9r6o2u0s91,0,4,0%,39.75
https://impacthealthoh.com/?a=09698141034100,0,4,0%,40.75
https://impacthealthoh.com/knee-pain-new-albany-oh/,0,4,0%,41.5
https://impacthealthoh.com/?a=2113752225505,0,4,0%,41.75
https://impacthealthoh.com/horizontality/s9e9c5e3r4n1m9e4n1t7,0,4,0%,41.75
https://impacthealthoh.com/?a=19985159069803,0,4,0%,47.75
https://impacthealthoh.com/blog/hidden-dangers-of-amazon-supplements,0,4,0%,48.25
https://impacthealthoh.com/hip-pain-gahanna-oh/,0,4,0%,51.5
https://impacthealthoh.com/personal-injuries,0,4,0%,65
https://impacthealthoh.com/blog/why-your-old-sports-injury-still-hurts-the-hidden-causes-most-providers-never-address,0,4,0%,72.5
https://impacthealthoh.com/blog/the-harmony-within-a-guide-to-achieving-mind-body-balance,0,4,0%,78.25
https://impacthealthoh.com/?a=981953501000,0,3,0%,1
https://impacthealthoh.com/?a=4879756738304,0,3,0%,2
https://impacthealthoh.com/?a=93333116908403,0,3,0%,2.33
https://impacthealthoh.com/vegetoanimal/b5e2n9i5g5h8t0e6d701,0,3,0%,2.67
https://impacthealthoh.com/?a=0482341748007,0,3,0%,3
https://impacthealthoh.com/?a=77499108762504,0,3,0%,4
https://impacthealthoh.com/anti-aging-wellness-blacklick-estates-oh/,0,3,0%,4.33
https://impacthealthoh.com/?a=1188150835201,0,3,0%,5.33
https://impacthealthoh.com/peptide-therapy-dublin-oh/,0,3,0%,5.67
https://impacthealthoh.com/wp-content/uploads/2024/10/Vyvgart-Hytrulo-Order.pdf,0,3,0%,5.67
https://impacthealthoh.com/?a=08892143646700,0,3,0%,6
https://impacthealthoh.com/?a=3117315884706,0,3,0%,6
https://impacthealthoh.com/?a=7479120709507,0,3,0%,6
https://impacthealthoh.com/?a=2382075343005,0,3,0%,6.33
https://impacthealthoh.com/?a=7770273142601,0,3,0%,6.33
https://impacthealthoh.com/?a=8594015697704,0,3,0%,6.33
https://impacthealthoh.com/?a=999612578906,0,3,0%,6.67
https://impacthealthoh.com/blog/category/wellness/,0,3,0%,7.33
https://impacthealthoh.com/?a=7018730997200,0,3,0%,8
https://impacthealthoh.com/?a=726293933406,0,3,0%,8
https://impacthealthoh.com/?a=9789349977200,0,3,0%,8
https://impacthealthoh.com/switched/c2o3l1d5s3h4o9r4t3n3e2ss,0,3,0%,8
https://impacthealthoh.com/?a=07329186978801,0,3,0%,8.33
https://impacthealthoh.com/?a=4421722315400,0,3,0%,9
https://impacthealthoh.com/faham/s9c3a5r4e5f5i8r7e051,0,3,0%,9
https://impacthealthoh.com/?a=28895106923907,0,3,0%,9.67
https://impacthealthoh.com/?a=519727386503,0,3,0%,9.67
https://impacthealthoh.com/?a=1908968879303,0,3,0%,10
https://impacthealthoh.com/?a=2502246432903,0,3,0%,10
https://impacthealthoh.com/?a=5826694756103,0,3,0%,11
https://impacthealthoh.com/reetry/d2i2c1h5o6t6o4m9y732,0,3,0%,11
https://impacthealthoh.com/?a=76982105384803,0,3,0%,11.33
https://impacthealthoh.com/?a=8891844519210,0,3,0%,11.33
https://impacthealthoh.com/?a=0014784128801,0,3,0%,11.67
https://impacthealthoh.com/?a=48401119740600,0,3,0%,11.67
https://impacthealthoh.com/?a=9642178337201,0,3,0%,11.67
https://impacthealthoh.com/?a=4106640414101,0,3,0%,12
https://impacthealthoh.com/?a=78934101075402,0,3,0%,16
https://impacthealthoh.com/?a=2875813675702,0,3,0%,16.33
https://impacthealthoh.com/?a=05189129218203,0,3,0%,16.67
https://impacthealthoh.com/?a=9871057261000,0,3,0%,21.67
https://impacthealthoh.com/?a=81907143449102,0,3,0%,22.33
https://impacthealthoh.com/hermae/l9a2n8d2l2o5r4d0i5s1m7,0,3,0%,23.33
https://impacthealthoh.com/?a=9144697627407,0,3,0%,24.33
https://impacthealthoh.com/neuropathy-treatments-gahanna-oh/,0,3,0%,27
https://impacthealthoh.com/back-pain-worthington-oh,0,3,0%,28.67
https://impacthealthoh.com/?a=9974937262702,0,3,0%,30
https://impacthealthoh.com/areolet/s5e3n4e4s0c5h9a2l655,0,3,0%,31.33
https://impacthealthoh.com/?a=7171137788805,0,3,0%,32.67
https://impacthealthoh.com/knee-pain-blacklick-estates-oh/,0,3,0%,34.33
https://impacthealthoh.com/neuropathy-treatments-reynoldsburg-oh/,0,3,0%,35.67
https://impacthealthoh.com/?a=62616130730900,0,3,0%,37
https://impacthealthoh.com/?a=17670106312501,0,3,0%,38.33
https://impacthealthoh.com/?a=56888159733501,0,3,0%,38.67
https://impacthealthoh.com/emplastration/c5o2p4a2i4b3a27469,0,3,0%,43.33
https://impacthealthoh.com/hip-pain-worthington-oh/,0,3,0%,45
https://impacthealthoh.com/caressing/s5e3p5a4r2a7t8i6o1n03,0,3,0%,45.33
https://impacthealthoh.com/precis/l8o2g6o1t3y9p0e8411,0,3,0%,47
https://impacthealthoh.com/preamble/p3e1t1a1l6a336908,0,3,0%,48
https://impacthealthoh.com/impoofo/d2r3i5n4k6a8b9l1e435,0,3,0%,49
https://impacthealthoh.com/conditions-we-treat/chronic-pain,0,3,0%,78.67
https://impacthealthoh.com/neuropathy-treatments,0,3,0%,84.67
https://impacthealthoh.com/?a=1471953780303,0,2,0%,1
https://impacthealthoh.com/?a=77318197037002,0,2,0%,1
https://impacthealthoh.com/?a=8828847186300,0,2,0%,1
https://impacthealthoh.com/?a=93310103358801,0,2,0%,1
https://impacthealthoh.com/whaup/c1h2o7l3e3c1y3s1t4o3t9omy,0,2,0%,1
https://impacthealthoh.com/wp-content/uploads/2026/02/ebe6c368-d41d-4b36-a8ca-2a511856dade.webp,0,2,0%,1
https://impacthealthoh.com/?a=00821173641502,0,2,0%,2
https://impacthealthoh.com/?a=53214193375001,0,2,0%,2
https://impacthealthoh.com/?a=70525189830300,0,2,0%,2
https://impacthealthoh.com/?a=966898095000,0,2,0%,2
https://impacthealthoh.com/?a=8072177733502,0,2,0%,2.5
https://impacthealthoh.com/?a=50072174231500,0,2,0%,3
https://impacthealthoh.com/?a=69173174106207,0,2,0%,3
https://impacthealthoh.com/peptide-therapy-worthington-oh/,0,2,0%,3
https://impacthealthoh.com/zealousness/o2v7e1r3f3l8o3w4n27,0,2,0%,3
https://impacthealthoh.com/?a=49644106833304,0,2,0%,3.5
https://impacthealthoh.com/?a=60310174035505,0,2,0%,3.5
https://impacthealthoh.com/?a=7290417753101,0,2,0%,3.5
https://impacthealthoh.com/?a=89924154811305,0,2,0%,3.5
https://impacthealthoh.com/?a=2080276692405,0,2,0%,4
https://impacthealthoh.com/?a=2478254949700,0,2,0%,4
https://impacthealthoh.com/?a=2519916520605,0,2,0%,4
https://impacthealthoh.com/?a=71186124837602,0,2,0%,4
https://impacthealthoh.com/?a=8487238076102,0,2,0%,4
https://impacthealthoh.com/misusage/f4o1r5m4a4l3i2z5i4n7g8,0,2,0%,4
https://impacthealthoh.com/personal-injuries-dublin-oh/,0,2,0%,4
https://impacthealthoh.com/?a=1265054181709,0,2,0%,4.5
https://impacthealthoh.com/?a=32084152272100,0,2,0%,4.5
https://impacthealthoh.com/?a=87351110418000,0,2,0%,4.5
https://impacthealthoh.com/?a=0992976131601,0,2,0%,5
https://impacthealthoh.com/?a=17372134197101,0,2,0%,5
https://impacthealthoh.com/?a=2551477165903,0,2,0%,5
https://impacthealthoh.com/?a=61840123147401,0,2,0%,5
https://impacthealthoh.com/?a=16181178035500,0,2,0%,5.5
https://impacthealthoh.com/?a=60572182409605,0,2,0%,5.5
https://impacthealthoh.com/?a=98905177987204,0,2,0%,5.5
https://impacthealthoh.com/neuropathy-treatments-new-albany-oh/,0,2,0%,5.5
https://impacthealthoh.com/?a=41732101500604,0,2,0%,6
https://impacthealthoh.com/?a=77991138034203,0,2,0%,6
https://impacthealthoh.com/?a=7949532524701,0,2,0%,6
https://impacthealthoh.com/?a=85791167098008,0,2,0%,6
https://impacthealthoh.com/incuriosity/b4i1n2d3w9e5e7d1434,0,2,0%,6
https://impacthealthoh.com/?a=28079184622501,0,2,0%,6.5
https://impacthealthoh.com/?a=5910810530300,0,2,0%,6.5
https://impacthealthoh.com/?a=90909166694500,0,2,0%,6.5
https://impacthealthoh.com/?a=94732123094205,0,2,0%,6.5
https://impacthealthoh.com/patient-testimonials/,0,2,0%,6.5
https://impacthealthoh.com/?a=3880831800207,0,2,0%,7
https://impacthealthoh.com/?a=58771134635903,0,2,0%,7
https://impacthealthoh.com/?a=8279216837307,0,2,0%,7
https://impacthealthoh.com/?a=8773913218706,0,2,0%,7
https://impacthealthoh.com/?a=9108390831300,0,2,0%,7
https://impacthealthoh.com/?a=1301573284006,0,2,0%,7.5
https://impacthealthoh.com/?a=17405167037700,0,2,0%,7.5
https://impacthealthoh.com/?a=2972946751606,0,2,0%,7.5
https://impacthealthoh.com/?a=81508143990202,0,2,0%,7.5
https://impacthealthoh.com/?a=8648937644301,0,2,0%,7.5
https://impacthealthoh.com/?a=88019181651602,0,2,0%,7.5
https://impacthealthoh.com/chronic-pain-gahanna-oh/,0,2,0%,7.5
https://impacthealthoh.com/?a=09596143282401,0,2,0%,8
https://impacthealthoh.com/?a=19902167098903,0,2,0%,8
https://impacthealthoh.com/?a=3474778008600,0,2,0%,8
https://impacthealthoh.com/?a=4837247885607,0,2,0%,8
https://impacthealthoh.com/?a=5008896424300,0,2,0%,8
https://impacthealthoh.com/?a=6164248000,0,2,0%,8
https://impacthealthoh.com/?a=92516109072104,0,2,0%,8
https://impacthealthoh.com/blog/spring-joint-pain-needs-arthritis-treatment-support/#Do_Not_Ignore_Spring_Joint_Pain_Warning_Signs,0,2,0%,8
https://impacthealthoh.com/blog/spring-joint-pain-needs-arthritis-treatment-support/#How_Integrated_Care_Helps_You_Move_Better_This_Spring,0,2,0%,8
https://impacthealthoh.com/?a=1792294523300,0,2,0%,8.5
https://impacthealthoh.com/?a=28806166763700,0,2,0%,8.5
https://impacthealthoh.com/?a=42860128657801,0,2,0%,8.5
https://impacthealthoh.com/?a=47789178651000,0,2,0%,8.5
https://impacthealthoh.com/?a=1291742574101,0,2,0%,9
https://impacthealthoh.com/?a=1818021526000,0,2,0%,9
https://impacthealthoh.com/?a=49488177053503,0,2,0%,9
https://impacthealthoh.com/?a=77605110786804,0,2,0%,9
https://impacthealthoh.com/?a=55449170592400,0,2,0%,9.5
https://impacthealthoh.com/?a=85378655401,0,2,0%,9.5
https://impacthealthoh.com/fellatahs/u1n2v5i0o4l7a9b9l7e18,0,2,0%,9.5
https://impacthealthoh.com/?a=2670644071704,0,2,0%,10
https://impacthealthoh.com/?a=6218017948102,0,2,0%,10
https://impacthealthoh.com/?a=62324177742504,0,2,0%,10
https://impacthealthoh.com/?a=6318490924202,0,2,0%,10
https://impacthealthoh.com/?a=99381100796501,0,2,0%,10
https://impacthealthoh.com/originator/t3r2i7f8o7l9i4o6l4a3t4a,0,2,0%,10
https://impacthealthoh.com/?a=32801130143602,0,2,0%,10.5
https://impacthealthoh.com/?a=8211132312608,0,2,0%,10.5
https://impacthealthoh.com/?a=13280129816301,0,2,0%,11
https://impacthealthoh.com/?a=260985453306,0,2,0%,11
https://impacthealthoh.com/?a=7698174271100,0,2,0%,11
https://impacthealthoh.com/regenerative-medicine/#Ideal_Candidates_for_Regenerative_Medicine_Treatments,0,2,0%,11
https://impacthealthoh.com/regenerative-medicine/#What_is_Regenerative_Medicine,0,2,0%,11
https://impacthealthoh.com/regenerative-medicine/#What_to_Expect_from_Your_Treatment,0,2,0%,11
https://impacthealthoh.com/?a=3957269563901,0,2,0%,12
https://impacthealthoh.com/?a=57076164314501,0,2,0%,12
https://impacthealthoh.com/?a=6205729909401,0,2,0%,12
https://impacthealthoh.com/?a=7439938644701,0,2,0%,12.5
https://impacthealthoh.com/?a=39307104228203,0,2,0%,13
https://impacthealthoh.com/?a=52724147390503,0,2,0%,13
https://impacthealthoh.com/?a=57781195436202,0,2,0%,13
https://impacthealthoh.com/?a=77783119487204,0,2,0%,13
https://impacthealthoh.com/?a=87227193770602,0,2,0%,14
https://impacthealthoh.com/?a=0215768195703,0,2,0%,15
https://impacthealthoh.com/?a=97987141450000,0,2,0%,15
https://impacthealthoh.com/?a=2992841833900,0,2,0%,15.5
https://impacthealthoh.com/?a=49516151250406,0,2,0%,15.5
https://impacthealthoh.com/?a=0310778239500,0,2,0%,16
https://impacthealthoh.com/?a=53873165040804,0,2,0%,16
https://impacthealthoh.com/?a=81281135510704,0,2,0%,16.5
https://impacthealthoh.com/?a=27312140374401,0,2,0%,17
https://impacthealthoh.com/?a=55705145923204,0,2,0%,17
https://impacthealthoh.com/?a=086479022005,0,2,0%,18
https://impacthealthoh.com/?a=83550124258101,0,2,0%,19
https://impacthealthoh.com/?a=0767090522706,0,2,0%,20
https://impacthealthoh.com/?a=4890857836707,0,2,0%,20
https://impacthealthoh.com/?a=9278191655304,0,2,0%,20
https://impacthealthoh.com/?a=25400154454300,0,2,0%,21.5
https://impacthealthoh.com/chronic-pain-columbus-oh/,0,2,0%,22.5
https://impacthealthoh.com/?a=2151825681600,0,2,0%,24
https://impacthealthoh.com/?a=64489143290700,0,2,0%,25.5
https://impacthealthoh.com/?a=7509973297002,0,2,0%,26
https://impacthealthoh.com/?a=5940897900202,0,2,0%,26.5
https://impacthealthoh.com/?a=7997326971512,0,2,0%,28
https://impacthealthoh.com/?a=28281179861000,0,2,0%,30.5
https://impacthealthoh.com/raphaelesque/c8r3y5o9l6i7t4e8605,0,2,0%,31.5
https://impacthealthoh.com/telephotography/a6u3t5h9e6n6t7i6c53,0,2,0%,33.5
https://impacthealthoh.com/?a=02047126240402,0,2,0%,34.5
https://impacthealthoh.com/?a=48039129359802,0,2,0%,34.5
https://impacthealthoh.com/?a=68862129599001,0,2,0%,34.5
https://impacthealthoh.com/?a=73098149287208,0,2,0%,34.5
https://impacthealthoh.com/peucedanum/s9w2e7a2r2e5r60733,0,2,0%,35.5
https://impacthealthoh.com/?a=42726160233904,0,2,0%,36.5
https://impacthealthoh.com/parapegm/a9s4p1i2r8a6t5o3r1y96,0,2,0%,36.5
https://impacthealthoh.com/arrears/c3o3m2p6r4e3h5e9n0s5o9r,0,2,0%,37.5
https://impacthealthoh.com/?a=0988434673304,0,2,0%,39
https://impacthealthoh.com/?a=3711832638409,0,2,0%,39
https://impacthealthoh.com/?a=5691936586400,0,2,0%,39
https://impacthealthoh.com/chronic-pain-blacklick-estates-oh/,0,2,0%,40
https://impacthealthoh.com/?a=2031895437407,0,2,0%,41
https://impacthealthoh.com/?a=5348922684206,0,2,0%,42
https://impacthealthoh.com/?a=9491118719401,0,2,0%,43
https://impacthealthoh.com/?a=2358684309200,0,2,0%,44
https://impacthealthoh.com/?a=9307871952307,0,2,0%,45
https://impacthealthoh.com/?a=50622113324704,0,2,0%,46
https://impacthealthoh.com/summed/c8a3n5c1e1l4i3n9g733,0,2,0%,46
https://impacthealthoh.com/?a=0901132713200,0,2,0%,46.5
https://impacthealthoh.com/?a=18000157822800,0,2,0%,47
https://impacthealthoh.com/?a=4055136843802,0,2,0%,47
https://impacthealthoh.com/?a=1308149387201,0,2,0%,48
https://impacthealthoh.com/?a=8889886877604,0,2,0%,48.5
https://impacthealthoh.com/?a=2178281304003,0,2,0%,49
https://impacthealthoh.com/?a=55008102667600,0,2,0%,49
https://impacthealthoh.com/enfreeze/p7h4l2o7g3o5s2i7s495,0,2,0%,49.5
https://impacthealthoh.com/?a=0026952077801,0,2,0%,50.5
https://impacthealthoh.com/koklass/s1u4s0p1e0c7t6i5o7n44,0,2,0%,50.5
https://impacthealthoh.com/hip-pain-blacklick-estates-oh/,0,2,0%,51.5
https://impacthealthoh.com/?a=02626139457002,0,2,0%,52.5
https://impacthealthoh.com/neuropathy-treatments-blacklick-estates-oh/,0,2,0%,52.5
https://impacthealthoh.com/?a=2543495898705,0,2,0%,58
https://impacthealthoh.com/?a=49215152805103,0,2,0%,64.5
https://impacthealthoh.com/adductor/m9o4r1t4i4f2y3i8n1g34,0,2,0%,70.5
https://impacthealthoh.com/hip-pain-reynoldsburg-oh/,0,2,0%,71.5
https://impacthealthoh.com/abuzz/v3e1n5d5o0r3s06990,0,2,0%,80.5
https://impacthealthoh.com/blog/summer-activity-mistakes-worsen-sciatica-pain,0,2,0%,81.5
https://impacthealthoh.com/regenerative-medicine,0,2,0%,82
https://impacthealthoh.com/chiropractic-care/trigger-point-injections,0,2,0%,83.5
https://impacthealthoh.com/hyostylic/m3o2n1o6m2a0n5i5a1c09,0,2,0%,91.5
https://impacthealthoh.com/breastbeam/l5a1r6g2i0f3l3u3o1u7s3,0,2,0%,92.5
https://impacthealthoh.com/conditions-we-treat/foot-ankle-pain,0,2,0%,92.5
https://impacthealthoh.com/equisetiform/p5a1n7e0l8i2n4g0363,0,2,0%,93.5
https://impacthealthoh.com/discern/i6n3c9o1n4s5p2i7c2u4o2us,0,2,0%,94.5
https://impacthealthoh.com/lithoid/v5i3t4r2o4d0i8t5r6i2n6a,0,2,0%,95.5
https://impacthealthoh.com/warmest/b2a6s4i4f9u4g3a4l45,0,2,0%,96.5
https://impacthealthoh.com/decrease/b6a1y5i3n2g136642,0,2,0%,98.5
https://impacthealthoh.com/bullfist/c1o8n8s2t5r9a6i0n4,0,2,0%,99.5
https://impacthealthoh.com/?a=01711165759206,0,1,0%,1
https://impacthealthoh.com/?a=1193595994401,0,1,0%,1
https://impacthealthoh.com/?a=1243976627900,0,1,0%,1
https://impacthealthoh.com/?a=1667062045600,0,1,0%,1
https://impacthealthoh.com/?a=189191403203,0,1,0%,1
https://impacthealthoh.com/?a=2279834254000,0,1,0%,1
https://impacthealthoh.com/?a=34500124696700,0,1,0%,1
https://impacthealthoh.com/?a=5109083660002,0,1,0%,1
https://impacthealthoh.com/?a=5715686514800,0,1,0%,1
https://impacthealthoh.com/?a=62202141599605,0,1,0%,1
https://impacthealthoh.com/?a=68527195246001,0,1,0%,1
https://impacthealthoh.com/?a=7208275495500,0,1,0%,1
https://impacthealthoh.com/?a=80141135670200,0,1,0%,1
https://impacthealthoh.com/?a=8924473085602,0,1,0%,1
https://impacthealthoh.com/?a=90225135953202,0,1,0%,1
https://impacthealthoh.com/?a=92987136807200,0,1,0%,1
https://impacthealthoh.com/?a=98188113202604,0,1,0%,1
https://impacthealthoh.com/?a=991075737500,0,1,0%,1
https://impacthealthoh.com/?a=99280194480101,0,1,0%,1
https://impacthealthoh.com/?a=99445193490202,0,1,0%,1
https://impacthealthoh.com/cismontane/v8e1r4d6a8n0c2y714,0,1,0%,1
https://impacthealthoh.com/impact-health-amp-wellness-dev/,0,1,0%,1
https://impacthealthoh.com/impostury/f0a1n3b3l0e636470,0,1,0%,1
https://impacthealthoh.com/plethora/a7d1e5n2o4g0r9a3p0h7i2c,0,1,0%,1
https://impacthealthoh.com/theorizer/u3n4a2c2c5e8p1t9a4b7l3y,0,1,0%,1
https://impacthealthoh.com/?a=0134667432200,0,1,0%,2
https://impacthealthoh.com/?a=0710029178004,0,1,0%,2
https://impacthealthoh.com/?a=1115256610406,0,1,0%,2
https://impacthealthoh.com/?a=2118432446402,0,1,0%,2
https://impacthealthoh.com/?a=24090175958407,0,1,0%,2
https://impacthealthoh.com/?a=2656755469401,0,1,0%,2
https://impacthealthoh.com/?a=28672139841501,0,1,0%,2
https://impacthealthoh.com/?a=3785932993606,0,1,0%,2
https://impacthealthoh.com/?a=48037126299501,0,1,0%,2
https://impacthealthoh.com/?a=55492167262204,0,1,0%,2
https://impacthealthoh.com/?a=62766181206805,0,1,0%,2
https://impacthealthoh.com/?a=66347152621902,0,1,0%,2
https://impacthealthoh.com/?a=6797732371403,0,1,0%,2
https://impacthealthoh.com/?a=6834740227507,0,1,0%,2
https://impacthealthoh.com/?a=68919160622000,0,1,0%,2
https://impacthealthoh.com/?a=70475120419301,0,1,0%,2
https://impacthealthoh.com/?a=7108926344200,0,1,0%,2
https://impacthealthoh.com/?a=7727986482600,0,1,0%,2
https://impacthealthoh.com/?a=90618168103403,0,1,0%,2
https://impacthealthoh.com/?a=9788154401403,0,1,0%,2
https://impacthealthoh.com/?a=10317169171804,0,1,0%,3
https://impacthealthoh.com/?a=1401984704603,0,1,0%,3
https://impacthealthoh.com/?a=18494169744300,0,1,0%,3
https://impacthealthoh.com/?a=2024325092300,0,1,0%,3
https://impacthealthoh.com/?a=20899144642508,0,1,0%,3
https://impacthealthoh.com/?a=220896877402,0,1,0%,3
https://impacthealthoh.com/?a=2370773620903,0,1,0%,3
https://impacthealthoh.com/?a=2739236552600,0,1,0%,3
https://impacthealthoh.com/?a=2801050181202,0,1,0%,3
https://impacthealthoh.com/?a=28522164249302,0,1,0%,3
https://impacthealthoh.com/?a=2919813373600,0,1,0%,3
https://impacthealthoh.com/?a=37478175265900,0,1,0%,3
https://impacthealthoh.com/?a=3798442892201,0,1,0%,3
https://impacthealthoh.com/?a=4767297067304,0,1,0%,3
https://impacthealthoh.com/?a=5700837554506,0,1,0%,3
https://impacthealthoh.com/?a=71280126208013,0,1,0%,3
https://impacthealthoh.com/?a=7221711545703,0,1,0%,3
https://impacthealthoh.com/?a=7498758660204,0,1,0%,3
https://impacthealthoh.com/?a=83941144368001,0,1,0%,3
https://impacthealthoh.com/?a=8672921036400,0,1,0%,3
https://impacthealthoh.com/?a=87930192384802,0,1,0%,3
https://impacthealthoh.com/?a=8807410933405,0,1,0%,3
https://impacthealthoh.com/?a=8901975126800,0,1,0%,3
https://impacthealthoh.com/?a=89128127186000,0,1,0%,3
https://impacthealthoh.com/?a=950013909306,0,1,0%,3
https://impacthealthoh.com/?a=9709293756206,0,1,0%,3
https://impacthealthoh.com/blog/page/4/,0,1,0%,3
https://impacthealthoh.com/hg,0,1,0%,3
https://impacthealthoh.com/hip-pain-new-albany-oh/,0,1,0%,3
https://impacthealthoh.com/?a=0028863539001,0,1,0%,4
https://impacthealthoh.com/?a=02257195192003,0,1,0%,4
https://impacthealthoh.com/?a=10036165603400,0,1,0%,4
https://impacthealthoh.com/?a=1020620459507,0,1,0%,4
https://impacthealthoh.com/?a=21098130427100,0,1,0%,4
https://impacthealthoh.com/?a=22715131384608,0,1,0%,4
https://impacthealthoh.com/?a=2796991423601,0,1,0%,4
https://impacthealthoh.com/?a=2998157413200,0,1,0%,4
https://impacthealthoh.com/?a=32998198035201,0,1,0%,4
https://impacthealthoh.com/?a=38809107603,0,1,0%,4
https://impacthealthoh.com/?a=5100482714206,0,1,0%,4
https://impacthealthoh.com/?a=60127143491600,0,1,0%,4
https://impacthealthoh.com/?a=61197356803,0,1,0%,4
https://impacthealthoh.com/?a=63051154979703,0,1,0%,4
https://impacthealthoh.com/?a=6713773857700,0,1,0%,4
https://impacthealthoh.com/?a=68118102454005,0,1,0%,4
https://impacthealthoh.com/?a=7162564307314,0,1,0%,4
https://impacthealthoh.com/?a=71807120120201,0,1,0%,4
https://impacthealthoh.com/?a=7298611959203,0,1,0%,4
https://impacthealthoh.com/?a=77407102351202,0,1,0%,4
https://impacthealthoh.com/?a=83692123416003,0,1,0%,4
https://impacthealthoh.com/?a=8967044822504,0,1,0%,4
https://impacthealthoh.com/?a=9771969613600,0,1,0%,4
https://impacthealthoh.com/?a=9799975319200,0,1,0%,4
https://impacthealthoh.com/?a=9961364687208,0,1,0%,4
https://impacthealthoh.com/blog,0,1,0%,4
https://impacthealthoh.com/spinal-decompression-westerville-oh,0,1,0%,4
https://impacthealthoh.com/unkemmed/t0r4i2p0l6e4d76918,0,1,0%,4
https://impacthealthoh.com/?a=0270079726805,0,1,0%,5
https://impacthealthoh.com/?a=0708047959303,0,1,0%,5
https://impacthealthoh.com/?a=08021180985006,0,1,0%,5
https://impacthealthoh.com/?a=10699150112706,0,1,0%,5
https://impacthealthoh.com/?a=1186949276806,0,1,0%,5
https://impacthealthoh.com/?a=13394141979801,0,1,0%,5
https://impacthealthoh.com/?a=14678191883001,0,1,0%,5
https://impacthealthoh.com/?a=18979197706507,0,1,0%,5
https://impacthealthoh.com/?a=208121460002,0,1,0%,5
https://impacthealthoh.com/?a=2363088812107,0,1,0%,5
https://impacthealthoh.com/?a=23761158429003,0,1,0%,5
https://impacthealthoh.com/?a=26879108879402,0,1,0%,5
https://impacthealthoh.com/?a=29426132270605,0,1,0%,5
https://impacthealthoh.com/?a=42805131252801,0,1,0%,5
https://impacthealthoh.com/?a=4972812196300,0,1,0%,5
https://impacthealthoh.com/?a=5892653111003,0,1,0%,5
https://impacthealthoh.com/?a=5940696649304,0,1,0%,5
https://impacthealthoh.com/?a=60173163109904,0,1,0%,5
https://impacthealthoh.com/?a=6626086597700,0,1,0%,5
https://impacthealthoh.com/?a=6819821155000,0,1,0%,5
https://impacthealthoh.com/?a=7491527052402,0,1,0%,5
https://impacthealthoh.com/?a=7523635109901,0,1,0%,5
https://impacthealthoh.com/?a=7679989340203,0,1,0%,5
https://impacthealthoh.com/?a=7967352562901,0,1,0%,5
https://impacthealthoh.com/?a=79904155305206,0,1,0%,5
https://impacthealthoh.com/?a=8508029409908,0,1,0%,5
https://impacthealthoh.com/?a=86959195872006,0,1,0%,5
https://impacthealthoh.com/?a=87864140321101,0,1,0%,5
https://impacthealthoh.com/?a=92189154834400,0,1,0%,5
https://impacthealthoh.com/?a=9602797703304,0,1,0%,5
https://impacthealthoh.com/?a=983495183505,0,1,0%,5
https://impacthealthoh.com/?a=99427119006404,0,1,0%,5
https://impacthealthoh.com/cembra/c0a3v5a0l8l5e9r7308,0,1,0%,5
https://impacthealthoh.com/preact/s3o6f5t3n2e7r7959,0,1,0%,5
https://impacthealthoh.com/?a=0780015609200,0,1,0%,6
https://impacthealthoh.com/?a=11580134117605,0,1,0%,6
https://impacthealthoh.com/?a=1989245663602,0,1,0%,6
https://impacthealthoh.com/?a=200342783505,0,1,0%,6
https://impacthealthoh.com/?a=2112399796200,0,1,0%,6
https://impacthealthoh.com/?a=27078191637103,0,1,0%,6
https://impacthealthoh.com/?a=2778991986401,0,1,0%,6
https://impacthealthoh.com/?a=38911140998603,0,1,0%,6
https://impacthealthoh.com/?a=4780882870003,0,1,0%,6
https://impacthealthoh.com/?a=5015482340901,0,1,0%,6
https://impacthealthoh.com/?a=58700180521905,0,1,0%,6
https://impacthealthoh.com/?a=591308685505,0,1,0%,6
https://impacthealthoh.com/?a=59191182095706,0,1,0%,6
https://impacthealthoh.com/?a=61037179133401,0,1,0%,6
https://impacthealthoh.com/?a=7062024755201,0,1,0%,6
https://impacthealthoh.com/?a=85019110650001,0,1,0%,6
https://impacthealthoh.com/?a=88252196856800,0,1,0%,6
https://impacthealthoh.com/?a=9195135119702,0,1,0%,6
https://impacthealthoh.com/?a=9382013880200,0,1,0%,6
https://impacthealthoh.com/?a=95332148481806,0,1,0%,6
https://impacthealthoh.com/?a=9671233525000,0,1,0%,6
https://impacthealthoh.com/?a=9829060191304,0,1,0%,6
https://impacthealthoh.com/dishevelling/d6i1s7p6a1r3a5g2e873,0,1,0%,6
https://impacthealthoh.com/personal-injuries-reynoldsburg-oh/,0,1,0%,6
https://impacthealthoh.com/rehearsing/a7m3p0u7l2l4a3c0e1u7s1,0,1,0%,6
https://impacthealthoh.com/?a=01174167149602,0,1,0%,7
https://impacthealthoh.com/?a=02773164524000,0,1,0%,7
https://impacthealthoh.com/?a=0669886669202,0,1,0%,7
https://impacthealthoh.com/?a=072268451901,0,1,0%,7
https://impacthealthoh.com/?a=08250128129407,0,1,0%,7
https://impacthealthoh.com/?a=0885637726502,0,1,0%,7
https://impacthealthoh.com/?a=09283182456404,0,1,0%,7
https://impacthealthoh.com/?a=1188394146500,0,1,0%,7
https://impacthealthoh.com/?a=11906137469403,0,1,0%,7
https://impacthealthoh.com/?a=1490281416800,0,1,0%,7
https://impacthealthoh.com/?a=1840667233203,0,1,0%,7
https://impacthealthoh.com/?a=18577128067203,0,1,0%,7
https://impacthealthoh.com/?a=18754188702405,0,1,0%,7
https://impacthealthoh.com/?a=1911279159201,0,1,0%,7
https://impacthealthoh.com/?a=20288103863208,0,1,0%,7
https://impacthealthoh.com/?a=25703182585000,0,1,0%,7
https://impacthealthoh.com/?a=27260188521104,0,1,0%,7
https://impacthealthoh.com/?a=2984175715502,0,1,0%,7
https://impacthealthoh.com/?a=29890147172403,0,1,0%,7
https://impacthealthoh.com/?a=3292993903405,0,1,0%,7
https://impacthealthoh.com/?a=3641723389002,0,1,0%,7
https://impacthealthoh.com/?a=3701239175503,0,1,0%,7
https://impacthealthoh.com/?a=42226159844400,0,1,0%,7
https://impacthealthoh.com/?a=4908299225600,0,1,0%,7
https://impacthealthoh.com/?a=49540183503904,0,1,0%,7
https://impacthealthoh.com/?a=49811170848003,0,1,0%,7
https://impacthealthoh.com/?a=53016182730100,0,1,0%,7
https://impacthealthoh.com/?a=5413153393601,0,1,0%,7
https://impacthealthoh.com/?a=6489719777600,0,1,0%,7
https://impacthealthoh.com/?a=651821903601,0,1,0%,7
https://impacthealthoh.com/?a=68469176299004,0,1,0%,7
https://impacthealthoh.com/?a=6918250386503,0,1,0%,7
https://impacthealthoh.com/?a=6942055637200,0,1,0%,7
https://impacthealthoh.com/?a=7928369018503,0,1,0%,7
https://impacthealthoh.com/?a=80058153641200,0,1,0%,7
https://impacthealthoh.com/?a=8239026715402,0,1,0%,7
https://impacthealthoh.com/?a=83285113181800,0,1,0%,7
https://impacthealthoh.com/?a=83582169361200,0,1,0%,7
https://impacthealthoh.com/?a=92619190338400,0,1,0%,7
https://impacthealthoh.com/?a=92754133492810,0,1,0%,7
https://impacthealthoh.com/?a=94015166552104,0,1,0%,7
https://impacthealthoh.com/leapingly/u5n3n8u2n6769580,0,1,0%,7
https://impacthealthoh.com/monera/h2e2n8r0i3e6t5t4a366,0,1,0%,7
https://impacthealthoh.com/?a=0222561321401,0,1,0%,8
https://impacthealthoh.com/?a=0268957799501,0,1,0%,8
https://impacthealthoh.com/?a=0800187930300,0,1,0%,8
https://impacthealthoh.com/?a=12302195060704,0,1,0%,8
https://impacthealthoh.com/?a=1277697624402,0,1,0%,8
https://impacthealthoh.com/?a=1500842824307,0,1,0%,8
https://impacthealthoh.com/?a=19016141489605,0,1,0%,8
https://impacthealthoh.com/?a=1971674852004,0,1,0%,8
https://impacthealthoh.com/?a=2471020498807,0,1,0%,8
https://impacthealthoh.com/?a=3989273589203,0,1,0%,8
https://impacthealthoh.com/?a=3992695063004,0,1,0%,8
https://impacthealthoh.com/?a=40917568806,0,1,0%,8
https://impacthealthoh.com/?a=40946525000,0,1,0%,8
https://impacthealthoh.com/?a=52079124106102,0,1,0%,8
https://impacthealthoh.com/?a=58857309105,0,1,0%,8
https://impacthealthoh.com/?a=62748177590902,0,1,0%,8
https://impacthealthoh.com/?a=64842184207606,0,1,0%,8
https://impacthealthoh.com/?a=6881260337404,0,1,0%,8
https://impacthealthoh.com/?a=742774750205,0,1,0%,8
https://impacthealthoh.com/?a=74712151756906,0,1,0%,8
https://impacthealthoh.com/?a=78826188517601,0,1,0%,8
https://impacthealthoh.com/?a=86209178395405,0,1,0%,8
https://impacthealthoh.com/?a=86299116058400,0,1,0%,8
https://impacthealthoh.com/?a=91207182043605,0,1,0%,8
https://impacthealthoh.com/?a=943525793201,0,1,0%,8
https://impacthealthoh.com/?a=97007119977502,0,1,0%,8
https://impacthealthoh.com/blog/spring-joint-pain-needs-arthritis-treatment-support/#Modern_Options_for_Arthritis_Treatment_in_Westerville_Ohio,0,1,0%,8
https://impacthealthoh.com/blog/spring-joint-pain-needs-arthritis-treatment-support/#When_Seasonal_Aches_Signal_a_Need_for_Arthritis_Care,0,1,0%,8
https://impacthealthoh.com/blog/spring-joint-pain-needs-arthritis-treatment-support/#Why_Spring_Can_Make_Arthritis_Symptoms_Flare,0,1,0%,8
https://impacthealthoh.com/blog/why-your-old-sports-injury-still-hurts-the-hidden-causes-most-providers-never-address/#Hidden_Cause_1_Scar_Tissue_That_Alters_Mechanics,0,1,0%,8
https://impacthealthoh.com/blog/why-your-old-sports-injury-still-hurts-the-hidden-causes-most-providers-never-address/#Hidden_Cause_2_Stability_That_Was_Never_Rebuilt,0,1,0%,8
https://impacthealthoh.com/blog/why-your-old-sports-injury-still-hurts-the-hidden-causes-most-providers-never-address/#Hidden_Cause_3_Neurological_Guarding,0,1,0%,8
https://impacthealthoh.com/blog/why-your-old-sports-injury-still-hurts-the-hidden-causes-most-providers-never-address/#Hidden_Cause_4_Kinetic_Chain_Breakdown,0,1,0%,8
https://impacthealthoh.com/blog/why-your-old-sports-injury-still-hurts-the-hidden-causes-most-providers-never-address/#The_Problem_With_%E2%80%9CRest_and_Move_On%E2%80%9D,0,1,0%,8
https://impacthealthoh.com/blog/why-your-old-sports-injury-still-hurts-the-hidden-causes-most-providers-never-address/#What_Comprehensive_Sports_Injury_Treatment_Looks_Like,0,1,0%,8
https://impacthealthoh.com/blog/why-your-old-sports-injury-still-hurts-the-hidden-causes-most-providers-never-address/#Why_Chronic_Sports_Injury_Pain_Worsens_Over_Time,0,1,0%,8
https://impacthealthoh.com/hg/,0,1,0%,8
https://impacthealthoh.com/progenitor/s2u2p5r6a8o9r6b8i6t3a3r,0,1,0%,8
https://impacthealthoh.com/wp-content/uploads/2024/10/Boniva-Order.pdf,0,1,0%,8
https://impacthealthoh.com/?a=00495105706301,0,1,0%,9
https://impacthealthoh.com/?a=01800186442900,0,1,0%,9
https://impacthealthoh.com/?a=01970114136502,0,1,0%,9
https://impacthealthoh.com/?a=02652151227801,0,1,0%,9
https://impacthealthoh.com/?a=0800194298701,0,1,0%,9
https://impacthealthoh.com/?a=0976556425204,0,1,0%,9
https://impacthealthoh.com/?a=1005729420704,0,1,0%,9
https://impacthealthoh.com/?a=10214104034506,0,1,0%,9
https://impacthealthoh.com/?a=11680159921301,0,1,0%,9
https://impacthealthoh.com/?a=14419168212101,0,1,0%,9
https://impacthealthoh.com/?a=1670484175207,0,1,0%,9
https://impacthealthoh.com/?a=17029133356204,0,1,0%,9
https://impacthealthoh.com/?a=1771657280602,0,1,0%,9
https://impacthealthoh.com/?a=1849233417001,0,1,0%,9
https://impacthealthoh.com/?a=19001186628000,0,1,0%,9
https://impacthealthoh.com/?a=19310137608900,0,1,0%,9
https://impacthealthoh.com/?a=21199151539701,0,1,0%,9
https://impacthealthoh.com/?a=21249192750501,0,1,0%,9
https://impacthealthoh.com/?a=2263020647902,0,1,0%,9
https://impacthealthoh.com/?a=2511851886100,0,1,0%,9
https://impacthealthoh.com/?a=32312121588804,0,1,0%,9
https://impacthealthoh.com/?a=4053646087702,0,1,0%,9
https://impacthealthoh.com/?a=4077787805303,0,1,0%,9
https://impacthealthoh.com/?a=47228129337200,0,1,0%,9
https://impacthealthoh.com/?a=4789946422600,0,1,0%,9
https://impacthealthoh.com/?a=48229127895601,0,1,0%,9
https://impacthealthoh.com/?a=5780931601000,0,1,0%,9
https://impacthealthoh.com/?a=59696153393401,0,1,0%,9
https://impacthealthoh.com/?a=59890149190400,0,1,0%,9
https://impacthealthoh.com/?a=628028446102,0,1,0%,9
https://impacthealthoh.com/?a=6729636781500,0,1,0%,9
https://impacthealthoh.com/?a=6950451328203,0,1,0%,9
https://impacthealthoh.com/?a=71186105803804,0,1,0%,9
https://impacthealthoh.com/?a=7250841000201,0,1,0%,9
https://impacthealthoh.com/?a=77822106231501,0,1,0%,9
https://impacthealthoh.com/?a=77980165046002,0,1,0%,9
https://impacthealthoh.com/?a=8315742826506,0,1,0%,9
https://impacthealthoh.com/?a=8695155494002,0,1,0%,9
https://impacthealthoh.com/?a=8901489817000,0,1,0%,9
https://impacthealthoh.com/?a=9277231651803,0,1,0%,9
https://impacthealthoh.com/?a=9560248099903,0,1,0%,9
https://impacthealthoh.com/?a=9668752965002,0,1,0%,9
https://impacthealthoh.com/?a=9753187894903,0,1,0%,9
https://impacthealthoh.com/?a=9767288445403,0,1,0%,9
https://impacthealthoh.com/?a=9781264676200,0,1,0%,9
https://impacthealthoh.com/chronic-pain-gahanna-oh,0,1,0%,9
https://impacthealthoh.com/chronic-pain-westerville-oh,0,1,0%,9
https://impacthealthoh.com/jitters/d2o3o6r6s2i5l2l3499,0,1,0%,9
https://impacthealthoh.com/personal-injuries-lewis-center-oh/,0,1,0%,9
https://impacthealthoh.com/tettigonian/s4u2c4c9i6n8c4t6l6y5,0,1,0%,9
https://impacthealthoh.com/?a=0092114439905,0,1,0%,10
https://impacthealthoh.com/?a=02211123037701,0,1,0%,10
https://impacthealthoh.com/?a=08810190308400,0,1,0%,10
https://impacthealthoh.com/?a=0895862013001,0,1,0%,10
https://impacthealthoh.com/?a=1048088259801,0,1,0%,10
https://impacthealthoh.com/?a=1259451043501,0,1,0%,10
https://impacthealthoh.com/?a=1907642823202,0,1,0%,10
https://impacthealthoh.com/?a=1984928712502,0,1,0%,10
https://impacthealthoh.com/?a=25797128963500,0,1,0%,10
https://impacthealthoh.com/?a=2878872999800,0,1,0%,10
https://impacthealthoh.com/?a=29011151670202,0,1,0%,10
https://impacthealthoh.com/?a=37217173634408,0,1,0%,10
https://impacthealthoh.com/?a=3939754367301,0,1,0%,10
https://impacthealthoh.com/?a=4079057622500,0,1,0%,10
https://impacthealthoh.com/?a=4706377454502,0,1,0%,10
https://impacthealthoh.com/?a=4989775937000,0,1,0%,10
https://impacthealthoh.com/?a=5963213264702,0,1,0%,10
https://impacthealthoh.com/?a=6001947728408,0,1,0%,10
https://impacthealthoh.com/?a=60027654405,0,1,0%,10
https://impacthealthoh.com/?a=6022820811703,0,1,0%,10
https://impacthealthoh.com/?a=60230118825500,0,1,0%,10
https://impacthealthoh.com/?a=6264954934600,0,1,0%,10
https://impacthealthoh.com/?a=6452524795405,0,1,0%,10
https://impacthealthoh.com/?a=67305136266100,0,1,0%,10
https://impacthealthoh.com/?a=68482197357005,0,1,0%,10
https://impacthealthoh.com/?a=6885737244304,0,1,0%,10
https://impacthealthoh.com/?a=7129938378206,0,1,0%,10
https://impacthealthoh.com/?a=74912138280801,0,1,0%,10
https://impacthealthoh.com/?a=78107151780702,0,1,0%,10
https://impacthealthoh.com/?a=7858444477900,0,1,0%,10
https://impacthealthoh.com/?a=80482144003602,0,1,0%,10
https://impacthealthoh.com/?a=8716213107207,0,1,0%,10
https://impacthealthoh.com/?a=8772256129804,0,1,0%,10
https://impacthealthoh.com/?a=8791795159502,0,1,0%,10
https://impacthealthoh.com/?a=8887742542501,0,1,0%,10
https://impacthealthoh.com/?a=8963665165904,0,1,0%,10
https://impacthealthoh.com/?a=91019192231201,0,1,0%,10
https://impacthealthoh.com/?a=9209117195505,0,1,0%,10
https://impacthealthoh.com/?a=92274118027012,0,1,0%,10
https://impacthealthoh.com/?a=9477026518604,0,1,0%,10
https://impacthealthoh.com/?a=9527196530008,0,1,0%,10
https://impacthealthoh.com/?a=96117176536502,0,1,0%,10
https://impacthealthoh.com/?a=98111167619002,0,1,0%,10
https://impacthealthoh.com/?a=99702129735404,0,1,0%,10
https://impacthealthoh.com/back-pain-blacklick-estates-oh/,0,1,0%,10
https://impacthealthoh.com/blanked/s4n1a5k2e5s8t1o4n1g9u6e,0,1,0%,10
https://impacthealthoh.com/churchgoing/l8o7n7g5s1t2a5n0d9i0ng,0,1,0%,10
https://impacthealthoh.com/personal-injuries-columbus-oh/,0,1,0%,10
https://impacthealthoh.com/picris/t8r2u9n4c2h299844,0,1,0%,10
https://impacthealthoh.com/prescribing/n7e2c3t8r9i0s59420,0,1,0%,10
https://impacthealthoh.com/staff/eve-ciacciarelli-pt,0,1,0%,10
https://impacthealthoh.com/?a=02210129783907,0,1,0%,11
https://impacthealthoh.com/?a=0372946892311,0,1,0%,11
https://impacthealthoh.com/?a=0485080017700,0,1,0%,11
https://impacthealthoh.com/?a=09815187909802,0,1,0%,11
https://impacthealthoh.com/?a=1161453680000,0,1,0%,11
https://impacthealthoh.com/?a=12681100131500,0,1,0%,11
https://impacthealthoh.com/?a=1726961167005,0,1,0%,11
https://impacthealthoh.com/?a=19097124323605,0,1,0%,11
https://impacthealthoh.com/?a=2064095101603,0,1,0%,11
https://impacthealthoh.com/?a=21877168327505,0,1,0%,11
https://impacthealthoh.com/?a=2350127975003,0,1,0%,11
https://impacthealthoh.com/?a=2775525489801,0,1,0%,11
https://impacthealthoh.com/?a=2980936214500,0,1,0%,11
https://impacthealthoh.com/?a=3149910600900,0,1,0%,11
https://impacthealthoh.com/?a=3281235975500,0,1,0%,11
https://impacthealthoh.com/?a=39426108490611,0,1,0%,11
https://impacthealthoh.com/?a=548071535000,0,1,0%,11
https://impacthealthoh.com/?a=57117109946805,0,1,0%,11
https://impacthealthoh.com/?a=6241491714405,0,1,0%,11
https://impacthealthoh.com/?a=66220134186401,0,1,0%,11
https://impacthealthoh.com/?a=71019189352001,0,1,0%,11
https://impacthealthoh.com/?a=71263163883002,0,1,0%,11
https://impacthealthoh.com/?a=7761395893403,0,1,0%,11
https://impacthealthoh.com/?a=78212192993505,0,1,0%,11
https://impacthealthoh.com/?a=79392179895902,0,1,0%,11
https://impacthealthoh.com/?a=8098284285204,0,1,0%,11
https://impacthealthoh.com/?a=82427103144305,0,1,0%,11
https://impacthealthoh.com/?a=8419140563701,0,1,0%,11
https://impacthealthoh.com/?a=85076179984000,0,1,0%,11
https://impacthealthoh.com/?a=8983246547200,0,1,0%,11
https://impacthealthoh.com/?a=9007436126400,0,1,0%,11
https://impacthealthoh.com/?a=90712107500604,0,1,0%,11
https://impacthealthoh.com/?a=90823179299101,0,1,0%,11
https://impacthealthoh.com/?a=9183727729402,0,1,0%,11
https://impacthealthoh.com/?a=9415939006601,0,1,0%,11
https://impacthealthoh.com/?a=94316189241601,0,1,0%,11
https://impacthealthoh.com/?a=96924197353502,0,1,0%,11
https://impacthealthoh.com/?a=9794341705304,0,1,0%,11
https://impacthealthoh.com/dispoline/s6a3i7l1i4n9g63093,0,1,0%,11
https://impacthealthoh.com/mephistophelean/c2r3o0s4s6s2p1a3l6l92,0,1,0%,11
https://impacthealthoh.com/wp-content/uploads/2024/10/Tysabri-Order.pdf,0,1,0%,11
https://impacthealthoh.com/?a=0233297772603,0,1,0%,12
https://impacthealthoh.com/?a=05109185321602,0,1,0%,12
https://impacthealthoh.com/?a=1471994578702,0,1,0%,12
https://impacthealthoh.com/?a=20177125853014,0,1,0%,12
https://impacthealthoh.com/?a=2093954919602,0,1,0%,12
https://impacthealthoh.com/?a=25737105807103,0,1,0%,12
https://impacthealthoh.com/?a=2768879378601,0,1,0%,12
https://impacthealthoh.com/?a=32277143789003,0,1,0%,12
https://impacthealthoh.com/?a=5409680003102,0,1,0%,12
https://impacthealthoh.com/?a=7046271704803,0,1,0%,12
https://impacthealthoh.com/?a=888132409105,0,1,0%,12
https://impacthealthoh.com/?a=9271826270411,0,1,0%,12
https://impacthealthoh.com/?a=92785194064202,0,1,0%,12
https://impacthealthoh.com/?a=0965281965502,0,1,0%,13
https://impacthealthoh.com/?a=21924180034703,0,1,0%,13
https://impacthealthoh.com/?a=2875882134001,0,1,0%,13
https://impacthealthoh.com/?a=50524121667600,0,1,0%,13
https://impacthealthoh.com/?a=72328148816600,0,1,0%,13
https://impacthealthoh.com/?a=76550178010002,0,1,0%,13
https://impacthealthoh.com/?a=9106175201102,0,1,0%,13
https://impacthealthoh.com/?a=9430612450605,0,1,0%,13
https://impacthealthoh.com/awork/s1h3e7e8p6s1h3e3a4r8i5ng,0,1,0%,13
https://impacthealthoh.com/?a=04287136178002,0,1,0%,14
https://impacthealthoh.com/?a=11316176690201,0,1,0%,14
https://impacthealthoh.com/?a=41482130816003,0,1,0%,14
https://impacthealthoh.com/?a=71569172235904,0,1,0%,14
https://impacthealthoh.com/?a=80287106693502,0,1,0%,14
https://impacthealthoh.com/?a=897618015002,0,1,0%,14
https://impacthealthoh.com/?a=91219122228000,0,1,0%,14
https://impacthealthoh.com/?a=0178630929006,0,1,0%,15
https://impacthealthoh.com/?a=0206047602205,0,1,0%,15
https://impacthealthoh.com/?a=127127385501,0,1,0%,15
https://impacthealthoh.com/?a=39573124418001,0,1,0%,15
https://impacthealthoh.com/?a=40845138082801,0,1,0%,15
https://impacthealthoh.com/?a=46467155296601,0,1,0%,15
https://impacthealthoh.com/?a=97550142452403,0,1,0%,15
https://impacthealthoh.com/?a=22198129398005,0,1,0%,16
https://impacthealthoh.com/?a=62801107371501,0,1,0%,16
https://impacthealthoh.com/?a=7127912723102,0,1,0%,16
https://impacthealthoh.com/?a=87648114248403,0,1,0%,16
https://impacthealthoh.com/?a=3171829875100,0,1,0%,17
https://impacthealthoh.com/?a=82278185267002,0,1,0%,17
https://impacthealthoh.com/?a=9987152458202,0,1,0%,17
https://impacthealthoh.com/?a=4821060141803,0,1,0%,18
https://impacthealthoh.com/?a=6222852817705,0,1,0%,18
https://impacthealthoh.com/?a=68281114184000,0,1,0%,18
https://impacthealthoh.com/?a=79052116286506,0,1,0%,18
https://impacthealthoh.com/thialdine/u8n1s6c9a7p0a1b1l8e32,0,1,0%,18
https://impacthealthoh.com/?a=2029244423806,0,1,0%,19
https://impacthealthoh.com/?a=42232125799701,0,1,0%,19
https://impacthealthoh.com/?a=7487891200201,0,1,0%,19
https://impacthealthoh.com/?a=80021165034404,0,1,0%,19
https://impacthealthoh.com/?a=00630154307601,0,1,0%,20
https://impacthealthoh.com/?a=09927105817701,0,1,0%,20
https://impacthealthoh.com/?a=3728875836004,0,1,0%,20
https://impacthealthoh.com/?a=41832149182500,0,1,0%,20
https://impacthealthoh.com/?a=4227252114004,0,1,0%,20
https://impacthealthoh.com/?a=81526127741400,0,1,0%,20
https://impacthealthoh.com/blog/neuropathy-treatment-options-in-westerville/,0,1,0%,20
https://impacthealthoh.com/?a=24100128158801,0,1,0%,21
https://impacthealthoh.com/?a=55373126019403,0,1,0%,21
https://impacthealthoh.com/?a=60199161609901,0,1,0%,21
https://impacthealthoh.com/?a=8315677903804,0,1,0%,21
https://impacthealthoh.com/?a=31292115483000,0,1,0%,22
https://impacthealthoh.com/?a=4831257348305,0,1,0%,22
https://impacthealthoh.com/?a=5908611053502,0,1,0%,22
https://impacthealthoh.com/?a=76887143332300,0,1,0%,22
https://impacthealthoh.com/?a=08921106735700,0,1,0%,23
https://impacthealthoh.com/?a=22470106652604,0,1,0%,23
https://impacthealthoh.com/?a=52709192310506,0,1,0%,23
https://impacthealthoh.com/?a=7883821684802,0,1,0%,23
https://impacthealthoh.com/?a=8068780494603,0,1,0%,23
https://impacthealthoh.com/supramundane/v6a2c3u4n4a462396,0,1,0%,23
https://impacthealthoh.com/?a=15981119401906,0,1,0%,24
https://impacthealthoh.com/?a=47502157313700,0,1,0%,24
https://impacthealthoh.com/?a=79713105990104,0,1,0%,24
https://impacthealthoh.com/?a=80784181709504,0,1,0%,24
https://impacthealthoh.com/?a=302332762005,0,1,0%,25
https://impacthealthoh.com/?a=00684188954800,0,1,0%,26
https://impacthealthoh.com/?a=2371548017605,0,1,0%,26
https://impacthealthoh.com/?a=3595481714805,0,1,0%,26
https://impacthealthoh.com/?a=4222079588800,0,1,0%,26
https://impacthealthoh.com/?a=5084193968600,0,1,0%,26
https://impacthealthoh.com/holographic/p8a9c9i9f7y83587,0,1,0%,26
https://impacthealthoh.com/?a=0180768335005,0,1,0%,27
https://impacthealthoh.com/?a=0881146219302,0,1,0%,27
https://impacthealthoh.com/?a=56990170804604,0,1,0%,28
https://impacthealthoh.com/?a=6615176302004,0,1,0%,28
https://impacthealthoh.com/?a=7391298761700,0,1,0%,28
https://impacthealthoh.com/?a=149265066005,0,1,0%,29
https://impacthealthoh.com/?a=4086725413405,0,1,0%,29
https://impacthealthoh.com/?a=94427185718502,0,1,0%,29
https://impacthealthoh.com/?a=11924168057202,0,1,0%,30