Top queries,Clicks,Impressions,CTR,Position
impact health and wellness,233,763,30.54%,2.26
peptides for bodybuilding,74,5907,1.25%,6.83
peptides bodybuilding,48,5351,0.9%,8.24
impact wellness,39,140,27.86%,8.84
impact health,33,381,8.66%,11.4
peptides for muscle growth,28,5798,0.48%,11
what are peptides in bodybuilding,23,4488,0.51%,6.43
impact health & wellness,22,95,23.16%,2.32
impact health peptides,18,49,36.73%,1.29
impact health and wellness westerville,15,43,34.88%,1.93
peptides for muscle growth and fat loss,14,3064,0.46%,9.22
nick southworth,12,53,22.64%,2.98
impact,8,1353,0.59%,1.75
bodybuilding peptides,7,1368,0.51%,11.4
best peptides for muscle growth and fat loss,7,655,1.07%,10.87
sarms peptides,6,1560,0.38%,8.92
what are peptides used for in bodybuilding,5,957,0.52%,8.63
peptides,5,352,1.42%,2.53
peptide for muscle growth,4,993,0.4%,9.9
peptides for bulking,4,513,0.78%,7.55
what peptides build muscle,4,294,1.36%,6.48
umbilical cord stem cell therapy,4,255,1.57%,12.4
best peptide for muscle growth and fat loss,4,142,2.82%,5.41
impact health network peptides,4,96,4.17%,3.86
sports physicals near me,4,29,13.79%,4.21
muscle building peptides,3,3865,0.08%,9.28
peptides for fat loss and muscle gain,3,1036,0.29%,10.03
what are peptides for bodybuilding,3,833,0.36%,7.4
best peptide for muscle growth,3,740,0.41%,10.36
shockwave therapy for neuropathy,3,487,0.62%,9.15
peptides to get shredded,3,377,0.8%,8.68
what are peptides for muscle growth,3,316,0.95%,9.93
peptide for bodybuilding,3,314,0.96%,7.7
what peptides are good for muscle growth,3,178,1.69%,7.25
peptides for muscle gain and fat loss,3,152,1.97%,6.39
what peptides help with muscle growth,3,62,4.84%,7.26
impact care ohio llc,3,44,6.82%,4.43
peptide muskelaufbau,3,41,7.32%,5.63
impact chiropractic,3,28,10.71%,38.57
what is the best peptide for muscle growth and fat loss,3,25,12%,1.08
impact health and wellness westerville ohio,3,14,21.43%,1.07
peptides for muscle,2,780,0.26%,15.04
muscle growth peptides,2,693,0.29%,12.18
what are peptides bodybuilding,2,522,0.38%,7.98
peptides for muscle growth before and after,2,455,0.44%,10.7
peptides muscle growth,2,444,0.45%,12.14
peptides for weight loss and muscle gain,2,438,0.46%,9.39
peptides for building muscle,2,350,0.57%,9.25
peptide for weight gain,2,313,0.64%,8.69
what is a peptide in bodybuilding,2,273,0.73%,6.56
best peptides for muscle growth and recovery,2,233,0.86%,6.97
how to get peptides for muscle growth,2,206,0.97%,10.3
sarms vs peptides,2,200,1%,4.14
what is the best peptide for muscle growth,2,200,1%,6.54
body building peptides,2,150,1.33%,7.89
peptides for building muscle and losing fat,2,141,1.42%,8.99
peptides steroids,2,132,1.52%,15.52
westerville chiropractor,2,111,1.8%,26.77
taking peptides for muscle growth,2,109,1.83%,7.47
best peptides for weight loss and muscle growth,2,85,2.35%,15.72
benefits of peptides for muscle growth,2,72,2.78%,8.07
what are peptides for lifting,2,68,2.94%,5.85
laser treatment for neuropathy,2,44,4.55%,8.16
impact healthcare,2,44,4.55%,54.82
amazon supplements safety,2,40,5%,5.8
peptides for body builders,2,33,6.06%,9.52
what are peptides for body building,2,32,6.25%,7.84
mass gaining peptides,2,23,8.7%,7.61
dr nick chiropractor,2,23,8.7%,7.96
peptides ohio,2,18,11.11%,7.33
dr. mahida,2,14,14.29%,6.43
shockwave therapy columbus ohio,2,12,16.67%,1.08
pain in left hip area female,2,7,28.57%,1
emsella chair near me,2,5,40%,2
shockwave near me,2,5,40%,4
muscle recovery peptide,2,4,50%,1.25
best peptides for muscle growth,1,2087,0.05%,15.56
peptide therapy for muscle growth,1,1204,0.08%,10.39
what is peptides in bodybuilding,1,1116,0.09%,6.9
chiropractor,1,643,0.16%,5.46
do peptides help build muscle,1,619,0.16%,10.16
peptides for muscle building,1,546,0.18%,11
peptides for muscle gain,1,452,0.22%,11.81
peptide for muscle growth and fat loss,1,437,0.23%,9.42
chiropractor near me,1,435,0.23%,4.28
is sarms a peptide,1,396,0.25%,7.86
peptides for gaining weight,1,224,0.45%,8.02
which peptide is best for muscle growth,1,194,0.52%,9.37
peptide bodybuilding,1,192,0.52%,16.18
peptides to get jacked,1,180,0.56%,9.71
types of peptides for muscle growth,1,172,0.58%,9.47
shockwave therapy westerville ohio,1,170,0.59%,6.48
shockwave therapy for peripheral neuropathy,1,165,0.61%,8.61
shockwave therapy for nerve pain,1,162,0.62%,10.41
peptide to gain weight and muscle,1,152,0.66%,9.76
is it safe to buy supplements from amazon,1,151,0.66%,10.54
peptides for weight lifting,1,148,0.68%,9.93
do peptides make you stronger,1,144,0.69%,8.36
peptides for muscle growth and weight loss,1,141,0.71%,9.78
do bodybuilders use peptides,1,140,0.71%,4.98
are peptides safe for bodybuilding,1,127,0.79%,7.6
bodybuilding.com peptides,1,121,0.83%,9.51
strongest peptide for muscle growth,1,113,0.88%,8.55
shockwave therapy,1,109,0.92%,2.06
impact care ohio,1,104,0.96%,4.36
peptide for building muscle,1,104,0.96%,11.94
chiropractor westerville ohio,1,101,0.99%,34.05
how do peptides help muscle growth,1,100,1%,8.28
muscle growth peptide,1,99,1.01%,9.1
peptides to get ripped,1,92,1.09%,9.65
do peptides increase muscle growth,1,88,1.14%,9.07
popular peptides for muscle growth,1,88,1.14%,9.49
what peptide builds muscle,1,87,1.15%,7.94
does peptides build muscle,1,86,1.16%,10.1
wellness center westerville,1,83,1.2%,14.73
what peptide helps with muscle growth,1,81,1.23%,4.99
what are muscle building peptides,1,80,1.25%,8.93
are peptides good for building muscle,1,79,1.27%,7.61
peptides weight lifting,1,78,1.28%,9.63
are amazon vitamins good quality,1,76,1.32%,7.36
peptides for losing fat and gaining muscle,1,76,1.32%,9.39
weight lifting peptides,1,70,1.43%,9.54
chiropractor westerville,1,67,1.49%,15.45
shockwave therapy neuropathy,1,63,1.59%,9.62
peptides gym,1,63,1.59%,13.95
impact wound,1,62,1.61%,3.73
list of peptides for bodybuilding,1,62,1.61%,8.69
best muscle building peptide,1,60,1.67%,12.23
side effects of peptides for muscle growth,1,59,1.69%,4.8
peptide for weight loss and muscle growth,1,59,1.69%,7
do peptides really work for muscle growth,1,57,1.75%,10.89
best peptides for bulking,1,57,1.75%,12.82
are peptides good for bodybuilding,1,56,1.79%,9.18
peptides for muscle building and fat loss,1,54,1.85%,7.93
what is an anabolic peptide,1,54,1.85%,9.24
peptide,1,51,1.96%,3.63
mindbody balance,1,47,2.13%,7.81
prp injections near me,1,47,2.13%,8.4
what peptides help with muscle growth and fat loss,1,46,2.17%,7.35
peptide musculation,1,46,2.17%,16.43
ipamorelin,1,45,2.22%,2.93
peptides for losing weight and gaining muscle,1,45,2.22%,8
peptide to get shredded,1,44,2.27%,7.36
what are peptides for working out,1,42,2.38%,8.88
weight loss clinic near me,1,42,2.38%,40.4
peptides for gaining muscle,1,40,2.5%,9.43
best peptide for fat loss and muscle gain,1,40,2.5%,13.68
peptide for body building,1,39,2.56%,8.15
best peptide for building muscle,1,38,2.63%,9.61
best peptides for weight loss and muscle gain,1,37,2.7%,11.38
fat burning muscle building peptide,1,36,2.78%,8.56
peptides that help build muscle,1,35,2.86%,10.09
peptide use for muscle growth,1,35,2.86%,10.4
impact care,1,33,3.03%,3.27
growth hormone peptides for muscle growth,1,33,3.03%,6.55
peptides for lean muscle and fat loss,1,33,3.03%,7.73
sarms or peptides for muscle growth,1,33,3.03%,10.24
peptide for muscle,1,32,3.12%,5.44
what does taking peptides do for you? list peptides for muscle growth,1,32,3.12%,7.94
neuropathy shock treatment,1,32,3.12%,9.94
peptides used by bodybuilders,1,31,3.23%,6.39
what peptides are used for muscle growth,1,31,3.23%,10.39
are peptides effective for muscle growth,1,30,3.33%,8.97
what peptides help muscle growth,1,30,3.33%,10.23
super shred peptide,1,29,3.45%,1.38
what are peptides in gym culture,1,29,3.45%,8.41
functional medicine,1,28,3.57%,6.29
peptides supplements bodybuilding,1,28,3.57%,11.18
best peptide for bulking,1,27,3.7%,5.78
wellness center near me,1,27,3.7%,46.52
peptides for muscle growth and weight gain,1,26,3.85%,7.73
peptide benefits for muscle growth,1,26,3.85%,8.77
impact health network,1,26,3.85%,9.77
what peptide for muscle growth and fat loss,1,25,4%,7.6
benefits of peptides for bodybuilding,1,24,4.17%,7.5
which is the best peptide for bodybuilding,1,24,4.17%,10.83
peptide 185,1,23,4.35%,3.43
use of peptides in bodybuilding,1,23,4.35%,8.74
oral peptides bodybuilding,1,23,4.35%,14.13
what do peptides do,1,22,4.55%,2.32
peptide for mass gain,1,22,4.55%,7.45
how to get peptides for bodybuilding,1,22,4.55%,8.36
which peptides promote muscle growth,1,21,4.76%,7.29
peptides for women muscle growth,1,20,5%,13.75
new peptides for muscle growth,1,19,5.26%,7.74
peptide gym,1,19,5.26%,23.37
can peptides make you bigger,1,18,5.56%,8.56
impact health clinic,1,17,5.88%,15.59
peptiden bodybuilding,1,17,5.88%,24.12
muscle gain,1,16,6.25%,2.56
muscle building fat loss peptide,1,16,6.25%,9.56
what peptides are good for building muscle,1,15,6.67%,8.73
what peptides help you build muscle,1,15,6.67%,9.13
bpc-157 peptide therapy near me,1,15,6.67%,46.4
muscletech peptide 185,1,14,7.14%,4.21
peptide prise de masse,1,13,7.69%,2.15
mobile wound healing,1,12,8.33%,3.75
mobile wound care,1,12,8.33%,5.5
peptide therapy near me,1,12,8.33%,25.58
peptide musculation prise de masse,1,11,9.09%,4.45
peptide für muskelwachstum,1,11,9.09%,6.27
best peptide for muscle gain and fat loss,1,10,10%,1
anodyne pain and wellness,1,10,10%,1.3
peptides to help with muscle growth,1,10,10%,3.2
best wound care specialist near me,1,10,10%,7.5
peptides that burn fat and build muscle,1,9,11.11%,6.89
muscle growth and weight loss peptides,1,9,11.11%,11.56
peptides for muscle growth injections,1,9,11.11%,13.56
occupational therapy near me,1,9,11.11%,36.22
physical therapy columbus ohio,1,9,11.11%,75.44
iv near me,1,8,12.5%,3
peptides for muscle growth safe,1,8,12.5%,7.25
peptydy co to,1,7,14.29%,2
personal injury lawyer near me,1,7,14.29%,2
ghk cu peptide,1,7,14.29%,2.86
strongest muscle building peptide,1,7,14.29%,2.86
muskelaufbau peptide,1,7,14.29%,3.43
peptides muscle growth and fat loss,1,7,14.29%,7.71
body builder peptides,1,7,14.29%,9.86
what peptide will help me gain weight,1,7,14.29%,10.29
impact health care,1,7,14.29%,14.43
impact physical therapy,1,6,16.67%,2.33
functional medicine doctor near me,1,6,16.67%,2.5
amazon vitamins,1,6,16.67%,2.67
peptider muskler,1,6,16.67%,2.83
mobile wound care near me,1,6,16.67%,7.5
best weight loss clinic near me,1,6,16.67%,14.67
what are the best peptides for muscle growth and fat loss,1,5,20%,1
when will workers' comp offer a settlement,1,5,20%,2
ewald lienen,1,5,20%,3.4
welche peptide für muskelaufbau,1,5,20%,4.2
peptides that increase strength,1,5,20%,6.2
best and safest peptide for muscle growth,1,5,20%,8
peptide for muscle growth and recovery,1,5,20%,21.4
weight loss surgery,1,5,20%,36
massage westerville ohio,1,5,20%,41.6
peptidos aumentar masa muscular,1,4,25%,1
peptide injections near me,1,4,25%,1.5
peptide clinic near me,1,4,25%,1.75
peptidos gym,1,4,25%,2
surge peptide 185 reviews,1,4,25%,2.5
brp peptyd,1,4,25%,2.75
best peptide for rapid muscle growth,1,4,25%,7.25
amazon supplements exposed,1,4,25%,8.25
are peptides for muscle growth legal,1,4,25%,9.5
best strength peptides,1,4,25%,10.75
holistic doctor near me,1,4,25%,11.5
gumitide reviews and complaints amazon,1,3,33.33%,1
product,1,3,33.33%,1
what peptide is best for fat loss and muscle gain,1,3,33.33%,1
best peptides for getting lean,1,3,33.33%,1.67
peptides vs amino acids for muscle growth,1,3,33.33%,1.67
pemf therapy near me,1,3,33.33%,2
testosterone peptides,1,3,33.33%,2.67
peptide spiermassa,1,3,33.33%,5.33
sports physical cost,1,3,33.33%,5.67
cjc 1295 ipamorelin near me,1,3,33.33%,6.33
peptide untuk gym,1,3,33.33%,18
best safe peptides for muscle growth,1,2,50%,1
low cost sports physicals near me,1,2,50%,1
kinesiology treatment,1,2,50%,1.5
prp injection for tennis elbow near me,1,2,50%,1.5
body building,1,2,50%,2
mots-c benefits,1,2,50%,2
peptides for muscle growth vitamin shoppe,1,2,50%,2
who pays for chiropractor after accident,1,2,50%,2
peptide train,1,2,50%,2.5
sind peptide steroide,1,2,50%,2.5
iv therapy westerville oh,1,2,50%,3
pros and cons of peptides,1,2,50%,3
ببتيدات تكوين العضلات,1,2,50%,3
hormone testing near me,1,2,50%,3.5
nrg peptide kingdom,1,2,50%,4
focused shockwave therapy near me,1,2,50%,4.5
gel knee injections near me,1,2,50%,5.5
peptides for muscle strength,1,2,50%,6
shockwave therapy for knee pain near me,1,2,50%,6
weight loss shots near me,1,2,50%,9
best muscle building and fat loss peptides,1,2,50%,14
umbilical cord stem cell therapy in usa,1,2,50%,15
peptide anabolic,1,2,50%,20.5
car accident doctors,1,1,100%,1
dr nick chiropractic,1,1,100%,1
high dose vitamin c infusion near me,1,1,100%,1
how safe are peptides for muscle growth,1,1,100%,1
hydrogen therapy near me,1,1,100%,1
massage deep tissue,1,1,100%,1
net chiropractor near me,1,1,100%,1
non surgical spinal decompression near me,1,1,100%,1
peptides for fat loss,1,1,100%,1
que son los peptidos en el culturismo,1,1,100%,1
retatrutide peptide does it build muscle,1,1,100%,1
accident and injury lawyers,1,1,100%,2
ate peptides good for you,1,1,100%,2
bpc-157/tb-500 blend,1,1,100%,2
david busst injury,1,1,100%,2
does bpc-157 and tb-500 help build muscle,1,1,100%,2
ghrp 2 or 6,1,1,100%,2
glutathione shots near me,1,1,100%,2
home health wound care near me,1,1,100%,2
how does workmans comp work,1,1,100%,2
how to heal quickly,1,1,100%,2
ipamorelin no dac meaning,1,1,100%,2
iv therapy for menopause near me,1,1,100%,2
mike morse law firm reviews,1,1,100%,2
should i get on peptides,1,1,100%,2
stosswellen therapie,1,1,100%,2
workplace assault lawyer,1,1,100%,2
リーバイス 70505 ビッグe,1,1,100%,2
assistance while on workers comp,1,1,100%,3
beste peptide bodybuilding,1,1,100%,3
compensation for distress and inconvenience australia,1,1,100%,3
compound fracture,1,1,100%,3
does surgery increase workers' comp settlement,1,1,100%,3
finger lakes treehouse prices,1,1,100%,3
impact home health care,1,1,100%,3
is sergio ramos the best defender of all time,1,1,100%,3
is slater and gordon going broke,1,1,100%,3
is texas a no fault state,1,1,100%,3
james h brown reviews,1,1,100%,3
peptides injectie,1,1,100%,3
pure micronutrients reviews,1,1,100%,3
péptidos inyectados,1,1,100%,3
same day sports physical,1,1,100%,3
tesamorelin results,1,1,100%,3
what is permanent partial disability in workers compensation,1,1,100%,3
what is personal injury law,1,1,100%,3
what medical records can workers comp access my,1,1,100%,3
workers compensation illinois,1,1,100%,3
トゥルースリーパー,1,1,100%,3
maritime lawyer,1,1,100%,4
michaela blyde,1,1,100%,4
ohio,1,1,100%,4
レッドウィング,1,1,100%,4
chiropractic massage therapy,1,1,100%,5
norris injury lawyers,1,1,100%,5
health and wellness near me,1,1,100%,6
roger tuivasa sheck injury,1,1,100%,7
cooking and nutrition,1,1,100%,8
softwave tissue regeneration therapy near me,1,1,100%,8
laser therapy for shingles near me,1,1,100%,10
do minute clinics do sports physicals,1,1,100%,11
sciatica and hot weather,1,1,100%,25
prp injections for hair loss,1,1,100%,32
does laser therapy work on foot neuropathy,0,3113,0%,9.6
will peptides help gain weight,0,3034,0%,7.78
recovery iv near me,0,2424,0%,1.49
does laser help neuropathy,0,1972,0%,9.52
energy iv near me,0,1685,0%,1.01
wellness iv near me,0,1320,0%,1.1
peptides for weight gain,0,1008,0%,9.53
pediatric chiropractor westerville,0,947,0%,1
are sarms peptides,0,873,0%,7.16
prenatal chiropractor westerville,0,871,0%,1
iv therapy near me,0,863,0%,2.15
newborn first chiropractic visit,0,820,0%,1
infant chiropractor,0,736,0%,1.65
hgh peptides for muscle growth,0,720,0%,7.46
do peptides build muscle,0,626,0%,10.39
chiropractic care during pregnancy,0,575,0%,1
is it safe to buy supplements on amazon,0,551,0%,11.42
mind body balance,0,542,0%,8.15
prenatal chiropractor columbus,0,538,0%,8.71
pregnancy chiropractor,0,506,0%,1.38
peptides for improved muscle and recovery,0,487,0%,10.79
all types of peptides for bodybuilding,0,466,0%,9.41
peptides to gain weight,0,449,0%,9.47
peptides meaning in bodybuilding,0,397,0%,7.46
bulking peptides,0,395,0%,8.35
muscle peptides,0,391,0%,16.96
are peptides safe for muscle growth,0,389,0%,9.52
best peptides for bodybuilding,0,373,0%,11.84
sports physicals in columbus,0,365,0%,23.77
peptides for muscle recovery,0,363,0%,19.18
peptides in bodybuilding,0,345,0%,9.92
hrt,0,333,0%,3.06
do peptides help with muscle growth,0,331,0%,9.4
peptides for strength,0,329,0%,12.66
best peptides for muscle growth bodybuilding,0,310,0%,9.91
school physicals in columbus,0,302,0%,27.26
peptides for weight loss and muscle growth,0,295,0%,8.68
weight gain peptide,0,295,0%,10.14
laser therapy for neuropathy,0,290,0%,14.39
are peptides steroids,0,278,0%,16.71
best muscle building peptides,0,276,0%,11.58
peptide supplements for muscle growth,0,274,0%,14.09
what do peptides do for muscle,0,266,0%,10.29
what peptide is best for muscle growth,0,264,0%,10.28
peptides and muscle growth,0,264,0%,13.82
side effects of peptides in bodybuilding,0,263,0%,4.08
is it safe to order supplements from amazon,0,263,0%,11.12
do peptides work for muscle growth,0,258,0%,9.95
what are peptides,0,256,0%,2.79
peptides and bodybuilding,0,249,0%,13.1
peptide therapy muscle growth,0,243,0%,14.69
regenerative medicine near me,0,242,0%,7.59
fda approved peptides for muscle growth,0,228,0%,7.02
where to buy peptides for muscle growth,0,225,0%,24.72
what are the best peptides for muscle growth,0,222,0%,10.29
are sarms and peptides the same,0,218,0%,7.84
most popular peptides for bodybuilding,0,218,0%,9.24
peptide to gain weight,0,216,0%,9.7
are amazon supplements safe,0,215,0%,9.04
b12 shots near me,0,214,0%,1.02
physical therapist westerville,0,214,0%,37.12
oral peptides for muscle growth,0,208,0%,14.55
what peptides do bodybuilders use,0,204,0%,9.64
sarms and peptides,0,201,0%,9.55
peptides to build muscle,0,201,0%,11.58
is it safe to get supplements from amazon,0,196,0%,10.08
is it safe to buy vitamins from amazon,0,195,0%,10.48
muscle recovery peptides,0,188,0%,18.2
peptide for gaining weight,0,187,0%,9.02
do peptides help you build muscle,0,185,0%,8.65
muscle building peptide,0,184,0%,11.02
what is hrt,0,178,0%,2.32
are vitamins safe from amazon,0,178,0%,9.31
peptides muscle mass,0,176,0%,14.7
different types of peptides for muscle growth,0,175,0%,9.38
hip pain treatment westerville oh,0,173,0%,10.29
peptides for muscle growth bodybuilding,0,171,0%,8.07
can peptides help build muscle,0,171,0%,9.27
growth peptides,0,170,0%,13
amino acid injections bodybuilding,0,170,0%,17.44
functional medicine chiropractor,0,169,0%,1
regenerative medicine westerville oh,0,169,0%,1.69
how to use peptides for muscle growth,0,167,0%,10.41
safest peptides for muscle growth,0,166,0%,7.73
prp therapy near me westerville,0,165,0%,3.42
neuropathy treatment westerville oh,0,162,0%,3.12
do peptides help muscle growth,0,162,0%,9.4
hormone therapy westerville ohio,0,161,0%,2.99
what do peptides do for muscle growth,0,161,0%,8.45
kpv peptide,0,160,0%,2.99
mind-body balance,0,160,0%,8.09
laser therapy westerville ohio,0,159,0%,4.19
what do peptides do for bodybuilding,0,159,0%,9.33
safe to buy supplements on amazon,0,159,0%,12.28
joint pain relief westerville oh,0,159,0%,22.57
knee pain treatment westerville ohio,0,155,0%,4.54
best peptides for muscle building bodybuilding,0,154,0%,7.95
site:https://impacthealthoh.com,0,154,0%,34.74
peptide therapy near me westerville,0,153,0%,6.67
safe to buy vitamins on amazon,0,153,0%,13.13
which peptides are best for muscle growth,0,151,0%,10.6
sarms,0,150,0%,2.87
peptides for lifting,0,150,0%,8.82
knee pain relief,0,150,0%,11.55
umbilical stem cell therapy,0,148,0%,11.37
buy peptides for muscle growth,0,148,0%,22.55
neck pain chiropractor westerville,0,147,0%,24.85
can peptides build muscle,0,146,0%,9.63
peptide for strength,0,146,0%,9.99
wave therapy for neuropathy,0,145,0%,10.75
peptides used for muscle growth,0,144,0%,10.59
peptide therapy cincinnati,0,144,0%,45.1
are peptides good for muscle growth,0,143,0%,9.93
spinal decompression westerville oh,0,142,0%,8.49
occupational therapy,0,140,0%,1.08
safe chiropractor,0,138,0%,5.13
peptides for fat loss and muscle growth,0,137,0%,8.45
bodybuilding peptide,0,137,0%,14.96
physical therapy westerville,0,137,0%,41.69
acoustic wave therapy for neuropathy,0,135,0%,10.89
what is peptides for bodybuilding,0,134,0%,7.81
anabolic peptides,0,134,0%,12.6
neuropathy laser treatment,0,133,0%,12.79
is it safe to order vitamins from amazon,0,132,0%,9.5
peptide muscle growth,0,132,0%,14.32
how do peptides work for muscle growth,0,131,0%,7.61
top chiropractor near me,0,130,0%,13.35
what peptides are best for muscle growth,0,128,0%,7.75
shock wave therapy for neuropathy,0,126,0%,8.63
peptides and sarms,0,126,0%,9.74
weight gaining peptides,0,125,0%,8.56
will peptides build muscle,0,122,0%,8.94
shock therapy for neuropathy,0,122,0%,9.07
injectable peptides for muscle growth,0,122,0%,11.72
laser for neuropathy,0,122,0%,17.18
chiropractor westerville oh,0,121,0%,35.35
peptides for strength training,0,120,0%,9.34
do peptides help you gain muscle,0,118,0%,8.06
peptides weight gain,0,118,0%,10.07
mind and body balance,0,118,0%,12.42
muscle activation therapy westerville,0,118,0%,19.85
are peptides sarms,0,116,0%,6.46
peptides that build muscle,0,114,0%,7.39
medical weight loss westerville oh,0,111,0%,15.63
what are peptides in fitness and bodybuilding,0,110,0%,4.66
non-surgical spinal decompression therapy oxford oh,0,110,0%,36.74
peptide for bulking,0,109,0%,8.77
peptide to make my arms bigger,0,108,0%,9.42
shockwave therapy for neuropathy in feet,0,108,0%,10.11
peptides for muscle repair,0,108,0%,21.01
peptides for men,0,107,0%,35.75
types of peptides,0,105,0%,2.98
spinal decompression therapy in oxford oh,0,105,0%,53.68
chiropractic care blendon township,0,104,0%,12.39
physical therapy westerville ohio,0,104,0%,31.25
chiropractor near me westerville oh,0,104,0%,43.41
chronic pain treatment westerville,0,103,0%,25.06
peptides for lean muscle,0,102,0%,12.91
peptide to build muscle,0,101,0%,6.71
what peptide promotes muscle growth,0,101,0%,10.95
stem cell from umbilical cord,0,101,0%,30.44
weight gain peptides,0,100,0%,8.73
physical therapist near me,0,100,0%,19.24
sports injury treatment westerville oh,0,100,0%,21.4
peptides used in bodybuilding,0,99,0%,7.54
knee decompression therapy oxford oh,0,99,0%,32.81
peptides for muscle growth side effects,0,98,0%,3.85
spinal decompression oxford oh,0,98,0%,46.23
peptides for bodybuilders,0,97,0%,9.51
chiropractor in westerville,0,97,0%,14.53
do peptides make you bigger,0,92,0%,7.63
peptide for fat loss and muscle gain,0,92,0%,9.04
best peptides for fat loss and muscle gain,0,92,0%,15.1
knee decompression in oxford oh,0,91,0%,49.38
muscle peptide,0,90,0%,8.62
popular peptides for bodybuilding,0,90,0%,9.1
umbilical stem cells,0,90,0%,27.9
muscle building peptides for men,0,89,0%,10.2
knee decompression oxford oh,0,89,0%,44
will peptides make me bigger,0,88,0%,5.45
diabetic peripheral neuropathy treatment in dublin,0,88,0%,54.81
safe peptides for muscle growth,0,87,0%,7.14
best peptides for muscle recovery,0,87,0%,9.47
peptides for working out,0,87,0%,10.92
research peptides for muscle growth,0,87,0%,17.92
sports physical therapy westerville,0,87,0%,20.6
indiamart peptides,0,86,0%,9.85
pregnancy chiropractor near me,0,86,0%,42.66
hrt meaning,0,85,0%,2.4
what are peptides used for gym,0,84,0%,6.81
peptides to get bigger,0,84,0%,8.04
shockwave therapy in powell,0,84,0%,16.52
back pain doctor westerville oh,0,84,0%,23.37
sports injury clinic westerville,0,84,0%,30.14
fda approved peptides for muscle growth or sarcopenia,0,83,0%,6.99
why do bodybuilders take peptides,0,83,0%,8.93
umbilical cord stem cell injection,0,83,0%,8.98
can peptides help you gain muscle,0,83,0%,9.46
what peptide builds the most muscle,0,82,0%,9.41
what do muscle peptides do,0,82,0%,9.74
work injury treatment westerville oh,0,82,0%,12.9
best peptide stack for muscle growth,0,82,0%,35.71
peptides for body building,0,81,0%,6.36
are there peptides for muscle growth,0,81,0%,7.52
are there peptides for weight gain,0,81,0%,9.64
performance enhancing peptides,0,81,0%,10.3
peptides for fitness,0,81,0%,11.41
peptides muscle building,0,81,0%,13.52
peptides for athletes,0,81,0%,16.38
do peptides help you gain weight,0,80,0%,6.99
impact wellness rehab,0,80,0%,8
what peptides should i take for muscle growth,0,80,0%,10.49
back pain relief westerville,0,80,0%,18.3
sports exams in columbus,0,80,0%,36.5
"neuropathic pain treatment toledo, oh",0,80,0%,44.15
what peptides help build muscle,0,79,0%,10.56
anabolic peptide,0,79,0%,13.72
peptides for recovery and muscle growth,0,79,0%,15.05
growth hormone peptides,0,78,0%,2.83
peripheral neuropathy treatment in dublin,0,78,0%,55.97
physical therapist columbus,0,78,0%,79.79
peptides for lean muscle growth,0,77,0%,8.84
best peptides for muscle,0,77,0%,15.71
prenatal chiropractor near me,0,77,0%,49.27
is it safe to buy vitamins on amazon,0,76,0%,10.14
peptide therapy for muscle recovery,0,76,0%,25.62
safest peptide for muscle growth,0,75,0%,8
peptides for getting ripped,0,75,0%,9.08
most effective peptides for muscle growth,0,75,0%,9.59
fitness peptides,0,75,0%,13.17
best peptides,0,74,0%,3
what are peptides steroids,0,74,0%,6.88
what is a peptide bodybuilding,0,74,0%,7.66
do peptides make you gain muscle,0,74,0%,9.08
does shockwave therapy help neuropathy,0,74,0%,9.77
peptide for muscle building,0,74,0%,12.27
laser treatment for neuropathy numbness,0,74,0%,12.76
shockwave therapy near me,0,73,0%,8.33
what are muscle peptides,0,73,0%,8.45
umbilical cord tissue stem cells,0,73,0%,25.01
what peptide makes you gain muscle,0,72,0%,10.67
sports physical therapy westerville oh,0,72,0%,25.49
muscle gain peptides,0,71,0%,10.31
top peptides for muscle growth,0,71,0%,11.38
peptides for gym,0,71,0%,12.31
sports physicals,0,71,0%,14.28
stem cells from umbilical cord,0,71,0%,29.2
sports physical columbus,0,71,0%,43.61
physical therapy columbus oh,0,71,0%,70.2
best peptides for muscle gain,0,70,0%,13.09
umbilical cord stem cells,0,70,0%,23.79
neuropathy nerve pain treatment oxford oh,0,70,0%,38.66
peripheral neuropathy treatment oxford ohio,0,70,0%,50.21
how do peptides help with muscle growth,0,69,0%,8.29
what do peptides do for weight lifting,0,69,0%,9.1
what is sarms peptides,0,69,0%,10.13
does shockwave therapy work for neuropathy,0,68,0%,8.76
best peptide stack for muscle growth and fat loss,0,68,0%,9.85
stem cell therapy umbilical cord,0,68,0%,15.31
best peptide muscle growth,0,68,0%,16.76
chronic pain relief westerville,0,68,0%,26.12
cold laser therapy in dublin,0,68,0%,73.72
which peptides build muscle,0,67,0%,8
best growth hormone peptides for muscle building,0,67,0%,9.75
impact wellness detox,0,67,0%,17.6
muscle activation therapy westerville oh,0,67,0%,59.88
knee pain relief riverside,0,67,0%,68.42
peptides for getting shredded,0,66,0%,7.68
what are peptides for gym,0,66,0%,8.08
will peptides help me gain muscle,0,66,0%,8.76
shockwave for neuropathy,0,66,0%,9.55
migraine treatment westerville ohio,0,66,0%,11
physical therapy near me,0,66,0%,20.27
umbilical cord stem cell,0,66,0%,28.98
decompression table,0,65,0%,6.43
how effective are peptides for muscle growth,0,65,0%,9.68
peptides to gain weight and muscle,0,65,0%,10.25
what are sarms peptides,0,65,0%,11.12
arthritis treatment westerville ohio,0,65,0%,34.09
physical therapist westerville oh,0,65,0%,58.88
do peptides help gain weight,0,64,0%,6.3
what are peptides for weight lifting,0,64,0%,8.83
peptides for weight loss and muscle building,0,64,0%,9.48
peptides for muscles,0,64,0%,10.06
neuropathy oxford oh,0,64,0%,42.3
knee pain relief westerville,0,63,0%,1.59
can shockwave therapy help with neuropathy,0,63,0%,8.17
what peptides make you gain muscle,0,63,0%,8.22
anti aging ohio,0,63,0%,18.68
best peptides for crossfit,0,63,0%,19.38
cold laser therapy oxford oh,0,63,0%,66.65
how do peptides work for muscle growth and fat loss,0,62,0%,5.48
fda approved peptides for muscle building,0,62,0%,5.95
peptide injections for muscle growth,0,62,0%,12.92
nerve damage therapy oxford oh,0,62,0%,30.9
laser therapy for pain relief oxford oh,0,62,0%,31.32
sciatica treatment westerville oh,0,62,0%,44.87
non invasive disc healing oxford oh,0,62,0%,55.48
physical therapy westerville oh,0,62,0%,55.65
restore inner harmony,0,62,0%,65.89
sarms peptide,0,61,0%,9.57
why do people take peptides for the gym,0,61,0%,9.8
best peptide for muscle gain,0,61,0%,14.2
sciatica treatment westerville ohio,0,61,0%,17.1
prenatal chiropractic care in dublin,0,61,0%,70.56
peptides sarms,0,60,0%,8.1
spinal decompression,0,60,0%,8.68
should i buy supplements from amazon,0,60,0%,8.98
does peptides help muscle growth,0,60,0%,10.57
what do peptides do for working out,0,60,0%,11.83
peptides muscle gain,0,60,0%,13.73
cold laser treatment oxford ohio,0,60,0%,62.47
peptide für muskelaufbau,0,59,0%,8.85
chiropractor for sciatica,0,59,0%,12.86
regenerative wellness summer,0,59,0%,39.46
knee pain relief columbus,0,59,0%,55.14
peptides bodybuilding side effects,0,58,0%,5.64
top peptides for hypertrophy bodybuilding,0,58,0%,7.97
what are sarms and peptides,0,58,0%,9.29
peptides to help gain weight,0,58,0%,9.62
shoulder pain relief westerville,0,58,0%,10.38
best bodybuilding peptides,0,58,0%,10.59
what are bodybuilding peptides,0,57,0%,6.51
peptides for mass gain,0,57,0%,11.23
anti-aging treatments near me,0,57,0%,11.61
peptides bodybuilding dosage,0,57,0%,13.21
peptides muscle,0,57,0%,14.77
peptides musculation,0,57,0%,22.05
dr mahida,0,56,0%,6.29
best peptides for muscle hypertrophy bodybuilding,0,56,0%,7.09
peptide for muscle gain,0,56,0%,8.57
best peptides for muscle building,0,56,0%,11.07
baby chiropractor,0,56,0%,12.11
shockwave joint therapy oxford ohio,0,56,0%,58.52
prp therapy,0,55,0%,1
are amazon brand vitamins safe,0,55,0%,7.93
do peptides increase muscle mass,0,55,0%,9.8
peptide for muscle recovery,0,55,0%,11.96
prenatal chiropractor columbus ohio,0,55,0%,84.2
neuropathy treatment near me,0,54,0%,4.5
peptides to grow muscle,0,54,0%,9.02
does peptides help build muscle,0,54,0%,9.48
what are anabolic peptides,0,54,0%,9.67
best peptides to build muscle,0,54,0%,15.46
sports physical in columbus,0,54,0%,33.33
peptide therapy for weight loss cincinnati,0,54,0%,37.35
is there a peptide for gaining weight,0,53,0%,7.11
is it ok to buy vitamins from amazon,0,53,0%,9.3
should i not buy supplements on amazon?,0,53,0%,9.92
what peptides make you gain weight,0,53,0%,9.92
peptides before and after bodybuilding,0,53,0%,10.25
peptide stack for muscle growth,0,53,0%,32.11
pregnancy chiropractor oxford oh,0,53,0%,78.74
impact wellness recovery,0,52,0%,2.27
cjc 1295,0,52,0%,2.85
is there a peptide for muscle growth,0,52,0%,5.27
what do peptides do for lifting,0,52,0%,6.04
peptides for athletes and bodybuilders,0,52,0%,6.77
can peptides help you gain weight,0,52,0%,8.54
do peptides help gain muscle,0,52,0%,9.19
neck pain relief,0,52,0%,10.27
benefits of umbilical cord stem cell therapy,0,52,0%,13.65
stem cells in umbilical cord,0,52,0%,29.06
hrt therapy,0,51,0%,1.39
how do peptides build muscle,0,51,0%,6.24
peptides to gain muscle,0,51,0%,7.08
peptides and weight lifting,0,51,0%,7.92
peptides that promote muscle growth,0,51,0%,8.57
wound care near me,0,51,0%,11.49
chiropractor for neck pain,0,51,0%,12.51
best peptides for female muscle growth,0,51,0%,17.67
peptide therapy for weight loss dayton,0,51,0%,27.37
knee pain relief worthington,0,51,0%,40.06
are peptides for muscle growth safe,0,50,0%,3.98
sports physical,0,50,0%,5.04
types of peptides for bodybuilding,0,50,0%,9.04
most common peptide for muscle growth,0,50,0%,9.1
best peptides for muscle growth hypertrophy,0,50,0%,9.52
muscle building peptide therapy,0,50,0%,12.66
vitamin injections near me,0,50,0%,15.34
using umbilical cord stem cells,0,50,0%,26.68
regenerative health,0,50,0%,46.34
impact wellness addiction center,0,49,0%,5.43
why do bodybuilders use peptides,0,49,0%,7.29
most common peptides for bodybuilding,0,49,0%,7.53
are amazon vitamins safe,0,49,0%,7.9
best peptides for hypertrophy bodybuilding,0,49,0%,7.92
how do you take peptides for bodybuilding,0,49,0%,8.37
peptides for muscle definition,0,49,0%,8.55
peptides for building muscle mass,0,49,0%,9.84
best peptides for building muscle,0,49,0%,11.63
muscle repair peptides,0,49,0%,19.61
do peptides make your muscles bigger,0,48,0%,4.88
strength peptides,0,48,0%,8.21
peptides for muscle growth and recovery,0,48,0%,8.25
peptides for weightlifting,0,48,0%,9.02
bulking peptide,0,48,0%,9.44
peptides for muscle building bodybuilding,0,48,0%,9.6
laser therapy near me,0,48,0%,13.48
led light therapy columbus,0,48,0%,71.73
insulin resistance,0,47,0%,2.79
9. `muscle growth peptides`,0,47,0%,7.68
shockwave therapy for nerve damage,0,47,0%,8.23
how much do peptides help with muscle growth,0,47,0%,8.68
peptides for lifting weights,0,47,0%,9.7
do peptides for muscle growth work,0,47,0%,9.79
best peptide for weight loss and muscle gain,0,47,0%,10.11
neck pain relief westerville,0,47,0%,12.77
nad therapy near me,0,46,0%,1
pain treatment,0,46,0%,1.33
peptides for weight gain and muscle gain,0,46,0%,7.67
neuropathy ashland oh,0,46,0%,8.52
are vitamins from amazon safe,0,46,0%,8.65
do peptides help grow muscle,0,46,0%,9.43
school physicals,0,46,0%,12.7
are peptides anabolic,0,46,0%,15.74
sports physical therapy near me,0,46,0%,18.09
peptides for muscle growth women,0,46,0%,22.72
physical therapy columbus,0,46,0%,81.17
leg pain relief in columbus,0,45,0%,1
impact wellness treatment center,0,45,0%,3.47
which peptide helps with muscle growth,0,45,0%,6.04
do peptides get you jacked,0,45,0%,7.2
what peptide for muscle growth,0,45,0%,7.31
are sarms a peptide,0,45,0%,7.49
umbilical cord injection,0,45,0%,8.04
laser therapy,0,45,0%,8.62
best muscle growth peptides,0,45,0%,9.73
peptides peptides for muscle growth,0,45,0%,14.27
peptide therapy in columbus,0,45,0%,17.13
best peptide for muscle recovery,0,45,0%,25.13
cincinnati trigger point injection treatment,0,45,0%,43.78
laser therapy dayton,0,45,0%,54.62
spinal decompression therapy near me,0,45,0%,73.87
chiropractor for back pain,0,44,0%,3.27
occupational therapist near me,0,44,0%,3.66
how are peptides used in bodybuilding,0,44,0%,6.7
what peptides are good for muscle growth and fat loss,0,44,0%,7.59
peptides side effects bodybuilding,0,44,0%,8.25
umbilical cord stem cell injections,0,44,0%,8.39
are peptides safe to take for muscle growth,0,44,0%,8.64
top peptides bodybuilding muscle hypertrophy,0,44,0%,8.68
before and after peptides bodybuilding,0,44,0%,9.75
bodybuilding peptide cycles,0,44,0%,10.52
peptides for gaining weight and muscle,0,44,0%,10.75
do peptides actually work for muscle growth,0,44,0%,11.41
11. `best peptides for muscle growth and fat loss`,0,44,0%,12.02
stem cell in umbilical cord,0,44,0%,27.11
regenerative medicine columbus,0,44,0%,31.98
neck pain treatment westerville ohio,0,44,0%,42.11
neck pain treatment westerville oh,0,44,0%,42.16
are peptides safe,0,43,0%,2.58
impact appointment,0,43,0%,3.3
do peptides make you jacked,0,43,0%,7.3
what peptides promote muscle growth,0,43,0%,9.58
best peptides for lean muscle growth,0,43,0%,13.21
physical therapy,0,43,0%,17.07
immune support iv therapy near me,0,43,0%,26.88
whiplash treatment columbus,0,43,0%,55.16
how do peptides work in bodybuilding,0,42,0%,6.88
mind body and balance,0,42,0%,8.62
most popular peptides for muscle growth,0,42,0%,8.74
what peptides help you gain weight,0,42,0%,9.31
does peptides help with muscle growth,0,42,0%,9.6
4. `peptides bodybuilding`,0,42,0%,9.93
sarms or peptides,0,42,0%,10.05
peptides to lose weight and gain muscle,0,42,0%,14.45
peptides for performance,0,42,0%,14.57
cold laser therapy near me,0,42,0%,19.79
heat and cold therapy oxford oh,0,42,0%,84.21
"""small 100aa peptide"" ""which technique"" ""most helpful"" synthesize this",0,41,0%,2
what are peptides in weight lifting,0,41,0%,6.12
how do peptides help build muscle,0,41,0%,6.56
is sarms peptides,0,41,0%,7.44
site:impacthealthoh.com,0,41,0%,9.05
should i take peptides for muscle growth,0,41,0%,9.22
are amazon vitamins good,0,41,0%,9.44
laser therapy worthington,0,41,0%,9.83
what are peptides in gym,0,41,0%,10
peptides for weight gain and muscle growth,0,41,0%,11.32
best muscle-building peptides,0,41,0%,14.56
low level laser treatment for neuropathy,0,41,0%,19.63
neck pain relief in columbus,0,40,0%,1
peptide safety risks muscle building,0,40,0%,7.62
peptides for fat burning and muscle growth,0,40,0%,8.05
what peptides for muscle growth,0,40,0%,8.22
peptides to lose fat and gain muscle,0,40,0%,8.47
are peptides used for bodybuilding,0,40,0%,8.93
can you trust supplements from amazon,0,40,0%,9.4
peptides for growth,0,40,0%,9.45
lean muscle peptides,0,40,0%,10.82
1. `peptides for muscle growth`,0,40,0%,13.68
peptides build muscle,0,40,0%,15.35
oral peptides for muscle building,0,40,0%,20.18
impact peptide,0,40,0%,21.45
is laser treatment for neuropathy worth it,0,40,0%,23.3
weight loss counseling near me,0,40,0%,27.15
physical rehab westerville,0,40,0%,43.17
what are peptides in medicine and bodybuilding,0,39,0%,4.69
peptides for muscle growth without side effects,0,39,0%,7.26
safe peptides for muscle growth and fat loss,0,39,0%,9.1
what do peptides do for gym,0,39,0%,9.49
weightlifting peptides,0,39,0%,9.79
strength building peptides,0,39,0%,9.92
2. `muscle building peptides`,0,39,0%,13.97
growth peptides muscle,0,39,0%,14.49
cell stem umbilical,0,39,0%,31.03
physical therapy clinic westerville oh,0,39,0%,43.62
athletic physical ohio,0,39,0%,59.72
tissue activation therapy oxford oh,0,39,0%,84.92
laser therapy westerville,0,38,0%,2.39
are muscle building peptides safe,0,38,0%,6.89
what are peptides used for bodybuilding,0,38,0%,7.47
are peptides and sarms the same thing,0,38,0%,8.47
peptides for muscle mass,0,38,0%,8.58
are supplements from amazon safe,0,38,0%,8.92
trigger point injections near me,0,38,0%,9.08
6. `best peptide for muscle growth`,0,38,0%,14.82
best oral peptides for muscle growth,0,38,0%,16.82
cold laser neuropathy,0,38,0%,17.42
peptide for weight loss and muscle gain,0,38,0%,18.61
physical rehab westerville oh,0,38,0%,50.82
popular peptides,0,37,0%,2.95
can peptides help gain muscle,0,37,0%,7.7
safe muscle building peptides,0,37,0%,8.27
what peptides are best for bodybuilding,0,37,0%,8.3
why do body builders take peptides,0,37,0%,8.76
how to take peptides for bodybuilding,0,37,0%,8.81
best oral peptides for muscle growth and fat loss,0,37,0%,10.11
is there peptides for weight gain,0,37,0%,10.84
growth peptide,0,37,0%,12.22
stem cell therapy from umbilical cord,0,37,0%,13.03
18. `oral peptides for muscle growth`,0,37,0%,18.32
umbilical cord stem cells benefits,0,37,0%,25.3
dublin peptides,0,37,0%,28.16
personal injury rehabilitation services,0,37,0%,56.97
peptides for penis growth,0,36,0%,2.72
peptides for muscle preservation during weight loss,0,36,0%,3.58
peptides for bodybuilding side effects,0,36,0%,6.28
can peptides make you gain muscle,0,36,0%,7.25
is there a peptide for weight gain,0,36,0%,7.33
what do peptides do for muscles,0,36,0%,8.14
impact injury center springdale ohio,0,36,0%,8.67
gym peptides,0,36,0%,9.25
peptide to get jacked,0,36,0%,10.17
what are peptides gym,0,36,0%,10.28
peptides for muscle hypertrophy,0,36,0%,11.47
body mind balance,0,36,0%,14.78
15. `peptides for muscle growth and fat loss`,0,36,0%,15.11
best place to buy peptides reddit bodybuilding,0,36,0%,17.28
peptide therapy columbus ohio,0,36,0%,17.61
fascia westerville oh,0,36,0%,23.67
physical therapy clinic near me,0,36,0%,55.69
knee pain relief in columbus,0,35,0%,1
ion peptides,0,35,0%,2.06
protein injections for muscle gain,0,35,0%,7.4
best peptides for muscle gain and fat loss,0,35,0%,7.49
hypertrophy peptides,0,35,0%,8.29
peptides for burning fat and building muscle,0,35,0%,8.66
what is peptide in bodybuilding,0,35,0%,8.71
do peptides make you muscular,0,35,0%,8.8
common side effects of peptide supplements bodybuilding,0,35,0%,8.86
does laser therapy help neuropathy,0,35,0%,8.89
muscle mass peptides,0,35,0%,8.97
what peptides increase muscle mass,0,35,0%,9.34
mind body balance program,0,35,0%,9.66
peptide muscle building,0,35,0%,10.34
do muscle peptides work,0,35,0%,10.63
spinal decompression in dublin,0,35,0%,11.69
peptides for athletic performance,0,35,0%,21.89
does softwave therapy work for neuropathy,0,35,0%,23.97
peptides for muscle growth uk,0,35,0%,26.17
laser light therapy gulf shores,0,35,0%,50.69
peptides that help with muscle growth,0,34,0%,5.15
can peptides help you build muscle,0,34,0%,8.5
what are workout peptides,0,34,0%,8.97
are amazon brand vitamins good quality,0,34,0%,9.32
common peptides for muscle growth,0,34,0%,9.38
is buying supplements on amazon safe,0,34,0%,9.38
peptide for lean muscle growth,0,34,0%,9.47
is it ok to buy supplements on amazon,0,34,0%,9.94
peptide for gaining muscle,0,34,0%,10.88
are peptides worth it for muscle growth,0,34,0%,12.29
peptides for improving muscle strength,0,34,0%,12.97
peptide muscle,0,34,0%,15.5
umbilical cord stem cells advantages and disadvantages,0,34,0%,31.68
wound care ohio,0,34,0%,49.06
hgh peptides,0,33,0%,2.79
muscle peptide 185,0,33,0%,3.48
peptides for muscle growth hypertrophy bodybuilding,0,33,0%,6.21
what are peptides in fitness bodybuilding,0,33,0%,6.24
what peptides are used for bodybuilding,0,33,0%,7
is shockwave therapy good for neuropathy,0,33,0%,8.03
most effective peptides for muscle growth bodybuilding,0,33,0%,8.03
what do peptides do gym,0,33,0%,8.3
what peptide makes you stronger,0,33,0%,8.39
peptide for weight lifting,0,33,0%,9.39
what are peps for working out,0,33,0%,9.55
will peptides help build muscle,0,33,0%,9.91
best peptide for muscle,0,33,0%,10.03
does peptides work for muscle growth,0,33,0%,10.03
iv therapy,0,33,0%,10.12
peptide cycle bodybuilding,0,33,0%,11.79
what peptide increases muscle growth,0,33,0%,12.64
17. `best muscle building peptides`,0,33,0%,16.94
iv therapy clinic,0,33,0%,18.06
5. `peptide for muscle growth`,0,33,0%,18.73
neuropathy in dublin,0,33,0%,29.52
softwave therapy columbus,0,33,0%,75.42
top westerville chiropractor,0,32,0%,2.25
what is a peptide,0,32,0%,3.78
muscle growth peptides for men,0,32,0%,5.84
do peptides build muscle faster,0,32,0%,6.19
most effective peptides for hypertrophy bodybuilding,0,32,0%,6.62
effects of peptides in bodybuilding,0,32,0%,7.19
what are gym peptides,0,32,0%,7.88
are sarms the same as peptides,0,32,0%,8
what do peptides do bodybuilding,0,32,0%,8.06
peptides for muscle gain bodybuilding,0,32,0%,8.16
what peptide helps gain weight,0,32,0%,8.75
what peptides help gain weight,0,32,0%,8.75
is it safe to get vitamins from amazon,0,32,0%,9.31
peptides for getting jacked,0,32,0%,9.94
are there any peptides for muscle growth,0,32,0%,11.69
8. `peptides for bodybuilding`,0,32,0%,12.03
best peptides for muscle growth scientific evidence,0,32,0%,12.06
peptides for improved muscle health and recovery,0,32,0%,13.28
peptides for muscle growth scientific evidence,0,32,0%,13.84
laser therapy neuropathy,0,32,0%,17.12
19. `what is the best peptide for muscle growth`,0,32,0%,20
risks of umbilical cord stem cells,0,32,0%,21.59
peptides to use post workout,0,32,0%,30.59
impact clinic,0,32,0%,36.03
what peptides make you stronger,0,31,0%,6.84
safest peptides for muscle growth and fat loss,0,31,0%,7.61
impact injury center,0,31,0%,7.9
what are peptides in body building,0,31,0%,7.9
do peptides give you muscle,0,31,0%,7.94
are peptides used for muscle growth,0,31,0%,8.26
peptides lifting,0,31,0%,8.55
peptide for building muscle and losing fat,0,31,0%,10.42
best peptide to build muscle,0,31,0%,11.39
peptides for faster muscle repair,0,31,0%,14.52
peptides for faster muscle and recovery,0,31,0%,15.68
best peptides muscle growth,0,31,0%,16.23
neck pain relief travelers rest,0,31,0%,16.42
sports physical therapy,0,31,0%,19.97
tissue regenerative therapy in dublin,0,31,0%,22.94
physical therapy clinic westerville,0,31,0%,41.55
collagen peptides for muscle growth,0,31,0%,47.77
stemwave therapy oxford ohio,0,31,0%,71.19
occupational therapist,0,30,0%,2.5
neuropathy treatment,0,30,0%,3.5
risks of peptides for bodybuilding,0,30,0%,7.33
what are peptides weight lifting,0,30,0%,7.47
peptide use in bodybuilding,0,30,0%,7.53